Date,Description,Location,Category,Amount
"04/29/2026","WASH ME AZ KINGMAN LLC   HUALAPAI     AZ","
HUALAPAI, AZ ","Charge",25
"04/29/2026","WAL-MART #2051           KINGMAN      AZ","
KINGMAN, AZ ","Charge",24.7
"04/27/2026","WM SUPERCENTER #2051     928-692-0555 AZ","
928-692-0555, AZ ","Charge",23.04
"04/26/2026","CTLP*CSC SERVICEWORKS    MELVILLE     NY","
MELVILLE, NY ","Charge",3
"04/26/2026","LAUGHLIN RVR LDG GIFT SH BULLHEAD CITYNV","
BULLHEAD CITY, NV ","Charge",7.6
"04/25/2026","WAL-MART #2051           KINGMAN      AZ","
KINGMAN, AZ ","Charge",15.59
"04/23/2026","DAIRY QUEEN #15532       KINGMAN      AZ","
KINGMAN, AZ ","Charge",7.41
"04/23/2026","SP ZANYLEN               SINGAPORE    SG","
SINGAPORE, SG ","Charge",118.4
"04/23/2026","MOHAVE COUNTY MINER      928-753-6397 AZ","
928-753-6397, AZ ","Charge",75
"04/23/2026","WM SUPERCENTER #2051     928-692-0555 AZ","
928-692-0555, AZ ","Charge",19.38
"04/23/2026","EL PALACIO DE KINGMAN    KINGMAN      AZ","
KINGMAN, AZ ","Charge",38
"04/22/2026","MOHAVE EYE CENTERS       KINGMAN      AZ","
KINGMAN, AZ ","Charge",319
"04/21/2026","PROGRESSIVE INS          800-776-4737 OH","
800-776-4737, OH ","Credit",130.93
"04/20/2026","WAL-MART #2051           KINGMAN      AZ","
KINGMAN, AZ ","Charge",58.1
"04/20/2026","PROGRESSIVE INS          800-776-4737 OH","
800-776-4737, OH ","Charge",8.25
"04/19/2026","APPLE.COM/BILL           866-712-7753 CA","
866-712-7753, CA ","Charge",3.23
"04/19/2026","LAUGHLIN RVR LDG GIFT SH BULLHEAD CITYNV","
BULLHEAD CITY, NV ","Charge",14.5
"04/18/2026","MAVERIK #376             GOLDEN VALLEYAZ","
GOLDEN VALLEY, AZ ","Charge",8.37
"04/18/2026","LAUGHLIN RVR LDG GIFT SH BULLHEAD CITYNV","
BULLHEAD CITY, NV ","Charge",7.9
"04/18/2026","TROPICANA CARNEGIES CAFE LAUGHLIN     NV","
LAUGHLIN, NV ","Charge",33.56
"04/17/2026","H&R BLOCK TAX SOFTWARE   800-472-5625 MO","
800-472-5625, MO ","Charge",19.95
"04/17/2026","MAVERIK #376             GOLDEN VALLEYAZ","
GOLDEN VALLEY, AZ ","Charge",5.68
"04/17/2026","AZ MVD FEE               602-255-0072 NY","
602-255-0072, NY ","Charge",4
"04/16/2026","H&R BLOCK TAX SOFTWARE   800-472-5625 MO","
800-472-5625, MO ","Charge",43.19
"04/16/2026","CCA AZ E-CORP FILLING    602-542-1014 AZ","
602-542-1014, AZ ","Charge",85
"04/16/2026","CCA CORP. DIV. TUC *SVC  407-260-3461 GA","
407-260-3461, GA ","Charge",2
"04/16/2026","SPORT CLIPS - AZ401 - KINKINGMAN      AZ","
KINGMAN, AZ ","Charge",34
"04/16/2026","PROGRESSIVE INS          800-776-4737 OH","
800-776-4737, OH ","Charge",185.5
"04/15/2026","AIRWAY CAR WASH - AZ     KINGMAN      AZ","
KINGMAN, AZ ","Charge",12
"04/15/2026","PAYMENT - THANK YOU"," ","Payment",299.25
"04/14/2026","WAL-MART #2051           KINGMAN      AZ","
KINGMAN, AZ ","Charge",48.96
"04/14/2026","PROGRESSIVE INS          800-776-4737 OH","
800-776-4737, OH ","Charge",72.96
"04/12/2026","VISIBLE                  866-331-3527 CO","
866-331-3527, CO ","Charge",35
"04/12/2026","WM SUPERCENTER #2051     928-692-0555 AZ","
928-692-0555, AZ ","Charge",39.22
"04/12/2026","DOLLAR GENERAL #18114    KINGMAN      AZ","
KINGMAN, AZ ","Charge",6.45
"04/12/2026","WALGREENS #12880         KINGMAN      AZ","
KINGMAN, AZ ","Charge",5
"04/12/2026","SQ *THE CANVAS, ITS FIRE!KINGMAN      AZ","
KINGMAN, AZ ","Charge",16.31
"04/09/2026","BEALE STREET THEATER     WWW.KINGMANARAZ","
WWW.KINGMANAR, AZ ","Charge",11.4
"04/09/2026","DAIRY QUEEN #15532       KINGMAN      AZ","
KINGMAN, AZ ","Charge",7.41
"04/09/2026","WM SUPERCENTER #2051     928-692-0555 AZ","
928-692-0555, AZ ","Charge",80.65
"04/09/2026","PAYMENT - THANK YOU"," ","Payment",5959.72
"04/08/2026","GOOGLE *YouTubePremium   g.co/helppay#CA","
g.co/helppay#, CA ","Charge",24.85
"04/08/2026","GOOGLE *Google One       855-836-3987 CA","
855-836-3987, CA ","Charge",21.61
"04/05/2026","WM SUPERCENTER #2051     928-692-0555 AZ","
928-692-0555, AZ ","Charge",37.62
"04/04/2026","WM SUPERCENTER #2051     928-692-0555 AZ","
928-692-0555, AZ ","Charge",20.25
"04/03/2026","COPA AIR    2300060811603COPAAIR.COM  FL","
COPAAIR.COM, FL ","Charge",1029.63
"04/03/2026","PROGRESSIVE INS          800-776-4737 OH","
800-776-4737, OH ","Charge",10.82
"04/02/2026","DAIRY QUEEN #15532       KINGMAN      AZ","
KINGMAN, AZ ","Charge",8.28
"04/02/2026","WAL-MART #2051           KINGMAN      AZ","
KINGMAN, AZ ","Charge",89.29
"04/02/2026","TST*SCOOPS ON 66         Kingman      AZ","
Kingman, AZ ","Charge",4.9
"04/02/2026","SQ *THE CANVAS, ITS FIRE!Kingman      AZ","
Kingman, AZ ","Charge",16.76
"04/01/2026","LYFT   *RIDE TUE 6PM     LYFT.COM     CA","
LYFT.COM, CA ","Charge",38.94
"04/01/2026","STAPLES       00113886   KINGMAN      AZ","
KINGMAN, AZ ","Charge",29.91
"04/01/2026","WAL-MART #2051           KINGMAN      AZ","
KINGMAN, AZ ","Charge",65.11
"04/01/2026","AMAZON MKTPL*BC2IC8WB2   Amzn.com/billWA","
Amzn.com/bill, WA ","Charge",64.95
"04/01/2026","GOOGLE *CLOUD RCwGP7     g.co/HelpPay#CA","
g.co/HelpPay#, CA ","Charge",1.5
"04/01/2026","AZ MVD FEE               NEW YORK     NY","
NEW YORK, NY ","Charge",138.06
"03/31/2026","FARMER BOYS - #1069 -    LAS VEGAS    NV","
LAS VEGAS, NV ","Charge",13.1
"03/31/2026","FARMER BOYS - #1069 -    LAS VEGAS    NV","
LAS VEGAS, NV ","Charge",6.82
"03/31/2026","SHELL OIL 12675958008    WHITE HILLS  AZ","
WHITE HILLS, AZ ","Charge",6.48
"03/31/2026","CASEYS #2919             MARION       IA","
MARION, IA ","Charge",3.62
"03/31/2026","PAPPASITOS'S CANTINA     DALLAS       TX","
DALLAS, TX ","Charge",17.31
"03/30/2026","SP NOMADIC ADVENTURES    NOMADICADVENTMA","
NOMADICADVENT, MA ","Charge",2000
"03/30/2026","PANDA EXPRESS 2670       CEDAR RAPIDS IA","
CEDAR RAPIDS, IA ","Charge",9.1
"03/30/2026","HARDEES 1502989          CEDAR RAPIDS IA","
CEDAR RAPIDS, IA ","Charge",19.25
"03/29/2026","GODFATHERS PIZZA         CEDAR RAPIDS IA","
CEDAR RAPIDS, IA ","Charge",57.93
"03/29/2026","MCDONALD'S M2020         CEDAR RAPIDS IA","
CEDAR RAPIDS, IA ","Charge",14.62
"03/29/2026","WM SUPERCENTER #2716     319-390-9922 IA","
319-390-9922, IA ","Charge",140.03
"03/29/2026","CASEYS #2767             CEDAR RAPIDS IA","
CEDAR RAPIDS, IA ","Charge",38.74
"03/29/2026","CASEYS #2767             CEDAR RAPIDS IA","
CEDAR RAPIDS, IA ","Charge",7.69
"03/28/2026","CHICK-FIL-A #03296       CEDAR RAPIDS IA","
CEDAR RAPIDS, IA ","Charge",18.97
"03/28/2026","WM SUPERCENTER #3630     319-447-2395 IA","
319-447-2395, IA ","Charge",13.85
"03/27/2026","CHECKERS TAVERN & EATE   CEDAR RAPIDS IA","
CEDAR RAPIDS, IA ","Charge",59.14
"03/27/2026","OFFICEMAX/DEPOT 6157     CEDAR RAPIDS IA","
CEDAR RAPIDS, IA ","Charge",45.34
"03/27/2026","OFFICEMAX/DEPOT 6157     CEDAR RAPIDS IA","
CEDAR RAPIDS, IA ","Charge",48.9
"03/27/2026","KWIK STAR #947           CEDAR RAPIDS IA","
CEDAR RAPIDS, IA ","Charge",15
"03/26/2026","WALGREENS #3876 MARION  IA        CREDIT","
A        CRED, IT ","Credit",17.08
"03/26/2026","SUSHI HOUSE              CEDAR RAPIDS IA","
CEDAR RAPIDS, IA ","Charge",33.05
"03/26/2026","TESLA SERVICE US         877-7983752  CA","
877-7983752, CA ","Charge",1390.44
"03/26/2026","O'REILLY 349             MARION       IA","
MARION, IA ","Charge",25.65
"03/26/2026","WALGREENS #3876          MARION       IA","
MARION, IA ","Charge",22.31
"03/26/2026","CULVERS OF CEDAR RAPIDS  CEDAR RAPIDS IA","
CEDAR RAPIDS, IA ","Charge",36.52
"03/25/2026","DAISYS GARAGE            MARION       IA","
MARION, IA ","Charge",70
"03/25/2026","ZIO JOHNOS MARION        MARION       IA","
MARION, IA ","Charge",13.14
"03/25/2026","ZIO JOHNOS MARION        MARION       IA","
MARION, IA ","Charge",34.57
"03/25/2026","ZIO JOHNOS MARION        MARION       IA","
MARION, IA ","Charge",29
"03/25/2026","ZIO JOHNOS MARION        MARION       IA","
MARION, IA ","Charge",59.56
"03/25/2026","WM SUPERCENTER #1528     319-393-0444 IA","
319-393-0444, IA ","Charge",144.32
"03/25/2026","WM SUPERCENTER #3630     319-447-2395 IA","
319-447-2395, IA ","Charge",25.08
"03/25/2026","RTC, Las Vegas           Las Vegas    NV","
Las Vegas, NV ","Charge",4
"03/25/2026","CASEYS #2919             MARION       IA","
MARION, IA ","Charge",8.96
"03/25/2026","PHX ARIZONA HIGHWAYS     Phoenix      AZ","
Phoenix, AZ ","Charge",28.86
"03/24/2026","LYFT   *RIDE TUE 10AM    LYFT.COM     CA","
LYFT.COM, CA ","Charge",10.98
"03/24/2026","PEETS COFFEE - N1        602-3001583  AZ","
602-3001583, AZ ","Charge",12.1
"03/24/2026","SAMMYS WOOD  D LAS       LAS VEGAS    NV","
LAS VEGAS, NV ","Charge",23.29
"03/22/2026","WAL-MART #2051 KINGMAN  AZ        CREDIT","
Z        CRED, IT ","Credit",106.99
"03/22/2026","WM SUPERCENTER #2051 KINGMAN  AZ  CREDIT","
MAN  AZ  CRED, IT ","Credit",26.9
"03/21/2026","PAYMENT - THANK YOU"," ","Payment",330.74
"03/21/2026","WAL-MART #2051           KINGMAN      AZ","
KINGMAN, AZ ","Charge",25.34
"03/19/2026","PAYMENT - THANK YOU"," ","Payment",879.55
"03/19/2026","APPLE.COM/BILL           866-712-7753 CA","
866-712-7753, CA ","Charge",3.23
"03/19/2026","HORSESHOE HOTEL          8662094732   NV","
8662094732, NV ","Charge",206.5
"03/18/2026","WM SUPERCENTER #1560 LAS VEGAS  N CREDIT","
VEGAS  N CRED, IT ","Credit",125.55
"03/18/2026","365 VEND                 TROY         MI","
TROY, MI ","Charge",3
"03/18/2026","WM SUPERCENTER #2051     928-692-0555 AZ","
928-692-0555, AZ ","Charge",4.29
"03/18/2026","SQ *FLOYD & COMPANY WOOD-gosq.com     AZ","
gosq.com, AZ ","Charge",14.09
"03/18/2026","SQ *THE CANVAS, ITS FIRE!Kingman      AZ","
Kingman, AZ ","Charge",14.57
"03/18/2026","TST*SCOOPS ON 66         Kingman      AZ","
Kingman, AZ ","Charge",4.9
"03/17/2026","SQ *BEN & JERRY'S @ HORSELas Vegas    NV","
Las Vegas, NV ","Charge",11.16
"03/17/2026","TST*HASH HOUSE A GO GO - Las Vegas    NV","
Las Vegas, NV ","Charge",39.78
"03/17/2026","BOBBY'S BURGERS          LAS VEGAS    NV","
LAS VEGAS, NV ","Charge",34.65
"03/16/2026","BROADWAY RESTAURANT      702-7406540  NV","
702-7406540, NV ","Charge",84.21
"03/16/2026","WAL-MART #1560           LAS VEGAS    NV","
LAS VEGAS, NV ","Charge",125.55
"03/16/2026","FARMER BOYS - 1073       LAS VEGAS    NV","
LAS VEGAS, NV ","Charge",26.31
"03/16/2026","COCOLINI - HARMON        LAS VEGAS    NV","
LAS VEGAS, NV ","Charge",9.6
"03/16/2026","AMAZON MKTPL*B50Z26TU2   Amzn.com/billWA","
Amzn.com/bill, WA ","Charge",10.8
"03/16/2026","AMAZON MKTPL*BP8L23KN0   Amzn.com/billWA","
Amzn.com/bill, WA ","Charge",50.79
"03/15/2026","TST* DIRT DOG SOUTH VEGASLAS VEGAS    NV","
LAS VEGAS, NV ","Charge",22.65
"03/15/2026","WAL-MART #2051           KINGMAN      AZ","
KINGMAN, AZ ","Charge",5.88
"03/15/2026","COCOLINI - EXCALIBUR     LAS VEGAS    NV","
LAS VEGAS, NV ","Charge",9.6
"03/15/2026","WM SUPERCENTER #2051     928-692-0555 AZ","
928-692-0555, AZ ","Charge",19.62
"03/15/2026","NYNY GONZALEZ            LAS VEGAS    NV","
LAS VEGAS, NV ","Charge",226.02
"03/14/2026","COCOLINI - EXCALIBUR     LAS VEGAS    NV","
LAS VEGAS, NV ","Charge",7.79
"03/14/2026","EXC- ESSENTIALS - ROYA   LAS VEGAS    NV","
LAS VEGAS, NV ","Charge",6.49
"03/13/2026","PAYMENT - THANK YOU"," ","Payment",513.23
"03/13/2026","SQ *NAILS BY GERRIKA     Kingman      AZ","
Kingman, AZ ","Charge",124.2
"03/13/2026","SQ *LUCKY MARY?S BAKING CGolden       CO","
Golden, CO ","Charge",22.44
"03/13/2026","SQ *THE CANVAS, ITS FIRE!Kingman      AZ","
Kingman, AZ ","Charge",16.82
"03/13/2026","TST*SCOOPS ON 66         Kingman      AZ","
Kingman, AZ ","Charge",4.9
"03/12/2026","ALLEGNT AIR,R8K          702-5058888  NV","
702-5058888, NV ","Charge",226
"03/12/2026","VISIBLE                  866-331-3527 CO","
866-331-3527, CO ","Charge",35
"03/11/2026","WM SUPERCENTER #2051     928-692-0555 AZ","
928-692-0555, AZ ","Charge",71.06
"03/10/2026","WM SUPERCENTER #2051     928-692-0555 AZ","
928-692-0555, AZ ","Charge",119.28
"03/09/2026","WAL-MART #2051           KINGMAN      AZ","
KINGMAN, AZ ","Charge",50.02
"03/09/2026","AMAZON MKTPL*BP7GN1T11   Amzn.com/billWA","
Amzn.com/bill, WA ","Charge",45.43
"03/08/2026","WM SUPERCENTER #2051     928-692-0555 AZ","
928-692-0555, AZ ","Charge",82.48
"03/07/2026","HABIT LAKE HAVASU 301    LAKE HAVASU CAZ","
LAKE HAVASU C, AZ ","Charge",6.72
"03/07/2026","AIRWAY CAR WASH - AZ     KINGMAN      AZ","
KINGMAN, AZ ","Charge",12
"03/07/2026","AMAZON MKTPL*BE8159W61   Amzn.com/billWA","
Amzn.com/bill, WA ","Charge",43.21
"03/07/2026","TST*SCOOPS ON 66         Kingman      AZ","
Kingman, AZ ","Charge",4.9
"03/07/2026","SUPERCHARGER US          650-9633861  TX","
650-9633861, TX ","Charge",0.9
"03/07/2026","SUPERCHARGER US          650-9633861  TX","
650-9633861, TX ","Charge",8.23
"03/06/2026","PAYMENT - THANK YOU"," ","Payment",779.52
"03/04/2026","ASICS Corporation        949-4538888  CA","
949-4538888, CA ","Charge",162.15
"03/04/2026","SPORT CLIPS - AZ401 - KINKINGMAN      AZ","
KINGMAN, AZ ","Charge",34
"03/04/2026","WM SUPERCENTER #2051     928-692-0555 AZ","
928-692-0555, AZ ","Charge",12.91
"03/03/2026","LINQ FRONT DSK           8662094732   NV","
8662094732, NV ","Charge",71.94
"03/02/2026","PAYMENT - THANK YOU"," ","Payment",1156.3
"03/02/2026","CCDOA LAS AIRPORT        LAS VEGAS    NV","
LAS VEGAS, NV ","Charge",4
"03/02/2026","CHAYO MEXICAN LAS VEGAS  LAS VEGAS    NV","
LAS VEGAS, NV ","Charge",114.11
"03/02/2026","WAL-MART #2051           KINGMAN      AZ","
KINGMAN, AZ ","Charge",46.9
"03/01/2026","JOHNNY ROCKETS FLAMING   702-3694011  NV","
702-3694011, NV ","Charge",32.4
"03/01/2026","DOLAN'S SPRING TRADING PODOLAN SPRINGSAZ","
DOLAN SPRINGS, AZ ","Charge",34.7
"03/01/2026","I HEART LAS VEGAS DAIQUIRLAS VEGAS    NV","
LAS VEGAS, NV ","Charge",39.88
"03/01/2026","HOOVER DAM PARK/TOUR     170-24942517 NV","
170-24942517, NV ","Charge",10
"03/01/2026","BEST LOCKERS (NYBIGAPP   LAS VEGAS    NV","
LAS VEGAS, NV ","Charge",1
"03/01/2026","WELCOME TO LV @LINQ 284  LAS VEGAS    NV","
LAS VEGAS, NV ","Charge",26.01
"03/01/2026","DUTCHBROS.COFFEE         APPS.APPLE.COOR","
APPS.APPLE.CO, OR ","Charge",7.04
"03/01/2026","NYNY - COASTER AND ARC   LAS VEGAS    NV","
LAS VEGAS, NV ","Charge",50
"03/01/2026","NYNY - COASTER AND ARC   LAS VEGAS    NV","
LAS VEGAS, NV ","Charge",20
"03/01/2026","JACK IN THE BOX 1129     KINGMAN      AZ","
KINGMAN, AZ ","Charge",34.55
"03/01/2026","SQ *HISTORIC ROUTE 66 ASSKingman      AZ","
Kingman, AZ ","Charge",18.72
"03/01/2026","SALT AND STRAW           LAS VEGAS    NV","
LAS VEGAS, NV ","Charge",10.46
"03/01/2026","PURPLE ZEBRA 2           LAS VEGAS    NV","
LAS VEGAS, NV ","Charge",40.43
"02/28/2026","DEL TACO 845 OLO         928-681-3412 AZ","
928-681-3412, AZ ","Charge",15.68
"02/28/2026","DUTCHBROS.COFFEE         APPS.APPLE.COOR","
APPS.APPLE.CO, OR ","Charge",6.49
"02/28/2026","IN-N-OUT LAUGHLIN        LAUGHLIN     NV","
LAUGHLIN, NV ","Charge",15.82
"02/28/2026","SIDE WALK CAFC _EATING P LAUGHLIN     NV","
LAUGHLIN, NV ","Charge",4.33
"02/27/2026","CCDOA LAS AIRPORT        LAS VEGAS    NV","
LAS VEGAS, NV ","Charge",4
"02/27/2026","WALMART.COM              800-925-6278 AR","
800-925-6278, AR ","Charge",59.33
"02/27/2026","SQ *THE CANVAS, ITS FIRE!KINGMAN      AZ","
KINGMAN, AZ ","Charge",28.02
"02/26/2026","WM SUPERCENTER #2051     928-692-0555 AZ","
928-692-0555, AZ ","Charge",5.44
"02/25/2026","WM SUPERCENTER #2051 KINGMAN  AZ  CREDIT","
MAN  AZ  CRED, IT ","Credit",20.39
"02/25/2026","WM SUPERCENTER #2051     928-692-0555 AZ","
928-692-0555, AZ ","Charge",34.04
"02/25/2026","TIRES.COM-ONLINE-ORDER   888-774-6560 AZ","
888-774-6560, AZ ","Charge",881.57
"02/25/2026","ABETTERROUTEPLANNER.CO   LUND         SE","
LUND, SE ","Charge",50
"02/24/2026","PAYMENT - THANK YOU"," ","Payment",1653.89
"02/24/2026","AMERICAN AIR0012319631793FORT WORTH   TX","
FORT WORTH, TX ","Charge",333.4
"02/24/2026","TESLA BODYSHOP US        PALO ALTO    CA","
PALO ALTO, CA ","Charge",29
"02/23/2026","AD AUTO HOUSE SAN BERNARDIN CA    CREDIT","
IN CA    CRED, IT ","Credit",500
"02/23/2026","TST* LOADED CAFE - SANTA SANTA ANA    CA","
SANTA ANA, CA ","Charge",32.09
"02/23/2026","WM SUPERCENTER #2051     928-692-0555 AZ","
928-692-0555, AZ ","Charge",60.35
"02/23/2026","PROGRESSIVE *INSURANCE   800-776-4737 OH","
800-776-4737, OH ","Charge",100.78
"02/23/2026","WAVE-1                   ORANGE       CA","
ORANGE, CA ","Charge",2
"02/22/2026","BARSTOW BURGERS          BARSTOW      CA","
BARSTOW, CA ","Charge",9.92
"02/22/2026","UBER   *TRIP             HELP.UBER.COMCA","
HELP.UBER.COM, CA ","Charge",29.94
"02/22/2026","SHELL OIL 60541220380    NEEDLES      CA","
NEEDLES, CA ","Charge",6.98
"02/22/2026","CIRCLE K 05731           BARSTOW      CA","
BARSTOW, CA ","Charge",5.7
"02/22/2026","CITY OF NEWPORT BEACH    NEWPORT BEACHCA","
NEWPORT BEACH, CA ","Charge",4.1
"02/21/2026","LYFT   *RIDE SAT 10AM    LYFT.COM     CA","
LYFT.COM, CA ","Charge",71.18
"02/21/2026","JIMMY JOHNS - 4090       LAS VEGAS    NV","
LAS VEGAS, NV ","Charge",15.04
"02/21/2026","PY *BURRATINO PIZZA      HUNTINGTON BECA","
HUNTINGTON BE, CA ","Charge",29.97
"02/20/2026","UBER   *TRIP             HELP.UBER.COMCA","
HELP.UBER.COM, CA ","Charge",14.93
"02/19/2026","STAPLES       00113886   KINGMAN      AZ","
KINGMAN, AZ ","Charge",1.95
"02/19/2026","STAPLES       00113886   KINGMAN      AZ","
KINGMAN, AZ ","Charge",3.23
"02/17/2026","MARTIN SWANTY KIA        KINGMAN      AZ","
KINGMAN, AZ ","Charge",231.2
"02/17/2026","WM SUPERCENTER #2051     928-692-0555 AZ","
928-692-0555, AZ ","Charge",47.94
"02/16/2026","GOTOBUS.COM              617-354-2101 MA","
617-354-2101, MA ","Charge",45
"02/16/2026","EXPEDIA 73375364529436   EXPEDIA.COM  WA","
EXPEDIA.COM, WA ","Charge",2.71
"02/15/2026","EXPEDIA 73375205570269   EXPEDIA.COM  WA","
EXPEDIA.COM, WA ","Charge",75.44
"02/15/2026","SPIRIT AIRL 4870457997832800-7727117  FL","
800-7727117, FL ","Charge",14
"02/15/2026","SPIRIT AIRL 4870457997824800-7727117  FL","
800-7727117, FL ","Charge",86.51
"02/14/2026","PAYMENT - THANK YOU"," ","Payment",1190.82
"02/14/2026","WAL-MART #2051           KINGMAN      AZ","
KINGMAN, AZ ","Charge",15.41
"02/14/2026","LEMON SQUAD AUTO INSPECTI888-2317965  MN","
888-2317965, MN ","Charge",249
"02/14/2026","AD AUTO HOUSE            SAN BERNARDINCA","
SAN BERNARDIN, CA ","Charge",500
"02/13/2026","TU *TRANSUNION           800-493-3292 CA","
800-493-3292, CA ","Charge",0.99
"02/13/2026","HARRAHS LAUGHLIN INC     877-438-4457 NV","
877-438-4457, NV ","Charge",249.42
"02/12/2026","VISIBLE                  866-331-3527 CO","
866-331-3527, CO ","Charge",35
"02/11/2026","WM SUPERCENTER #2051     928-692-0555 AZ","
928-692-0555, AZ ","Charge",32.7
"02/10/2026","ENTERPRISE RENT-A-CAR    KINGMAN      AZ","
KINGMAN, AZ ","Charge",521.84
"02/10/2026","CIRCLE K #2652036        KINGMAN      AZ","
KINGMAN, AZ ","Charge",18.96
"02/10/2026","SignUp *RunSedonaEvents  888-3851360  NJ","
888-3851360, NJ ","Charge",60.74
"02/10/2026","SignUp *HualapaiMountainP888-3851360  NJ","
888-3851360, NJ ","Charge",40.37
"02/09/2026","08241 PLANET FITNESS CDR CEDAR RAPIDS IA","
CEDAR RAPIDS, IA ","Charge",1.07
"02/08/2026","WAL-MART #2051           KINGMAN      AZ","
KINGMAN, AZ ","Charge",47.83
"02/08/2026","SAFEWAY #2017            KINGMAN      AZ","
KINGMAN, AZ ","Charge",4.49
"02/08/2026","AAA MEMBERSHIP           800-922-8228 CA","
800-922-8228, CA ","Charge",114.99
"02/07/2026","SHELL OIL 57444664304    COTTONWOOD   AZ","
COTTONWOOD, AZ ","Charge",7.91
"02/07/2026","SHELL 57444664304        888-467-4355 AZ","
888-467-4355, AZ ","Charge",20.02
"02/07/2026","SQ *THE CANVAS, ITS FIRE!KINGMAN      AZ","
KINGMAN, AZ ","Charge",18.9
"02/06/2026","SHELL OIL10090383026     ASH FORK     AZ","
ASH FORK, AZ ","Charge",5
"02/06/2026","CIRCLE K #2652036        KINGMAN      AZ","
KINGMAN, AZ ","Charge",16.87
"02/06/2026","PAYMENT - THANK YOU"," ","Payment",1450.63
"02/05/2026","CCDOA LAS AIRPORT        LAS VEGAS    NV","
LAS VEGAS, NV ","Charge",6
"02/05/2026","CIRCLE K #2652036        KINGMAN      AZ","
KINGMAN, AZ ","Charge",19.94
"02/04/2026","HUALAPAI MOUNTAIN RESTAU KINGMAN      AZ","
KINGMAN, AZ ","Charge",44
"02/04/2026","UBER   *TRIP             HELP.UBER.COMCA","
HELP.UBER.COM, CA ","Charge",15.92
"02/04/2026","SHELL OIL 12715204009    SURPRISE     AZ","
SURPRISE, AZ ","Charge",20.18
"02/04/2026","FIRST WATCH - 0155       PHOENIX      AZ","
PHOENIX, AZ ","Charge",51.07
"02/04/2026","WAL-MART #2051           KINGMAN      AZ","
KINGMAN, AZ ","Charge",66.21
"02/04/2026","DUTCHBROS.COFFEE         APPS.APPLE.COOR","
APPS.APPLE.CO, OR ","Charge",8.67
"02/04/2026","EXXON GOLD STAR 2 LLC    WICKENBURG   AZ","
WICKENBURG, AZ ","Charge",13.43
"02/04/2026","BURGER KING #23617       WICKENBURG   AZ","
WICKENBURG, AZ ","Charge",14.63
"02/03/2026","AGERO ROADSIDE ASSIST    JOINSWOOP.COMCA","
JOINSWOOP.COM, CA ","Charge",407.5
"02/03/2026","WM SUPERCENTER #2051     928-692-0555 AZ","
928-692-0555, AZ ","Charge",64.18
"02/03/2026","DUTCHBROS.COFFEE         APPS.APPLE.COOR","
APPS.APPLE.CO, OR ","Charge",8.67
"02/02/2026","JOHNNY ROCKETS FLAMING   702-3694011  NV","
702-3694011, NV ","Charge",30.24
"02/02/2026","CCDOA LAS AIRPORT        LAS VEGAS    NV","
LAS VEGAS, NV ","Charge",4
"02/02/2026","USA TRAVEL CENTER        KINGMAN      AZ","
KINGMAN, AZ ","Charge",25.44
"02/01/2026","ALLEGNT AIR,GVN          702-5058888  NV","
702-5058888, NV ","Charge",486
"02/01/2026","SQ *JERSEY EATS          Las Vegas    NV","
Las Vegas, NV ","Charge",20.81
"01/31/2026","PARIS LV CASINO FRNT DSK LAS VEGAS    NV","
LAS VEGAS, NV ","Charge",62.3
"01/30/2026","NATHANS FAMOUS FLAMING   702-3694011  NV","
702-3694011, NV ","Charge",20.54
"01/30/2026","CCDOA LAS AIRPORT        LAS VEGAS    NV","
LAS VEGAS, NV ","Charge",4
"01/29/2026","WAL-MART #2051           KINGMAN      AZ","
KINGMAN, AZ ","Charge",9.28
"01/27/2026","WAL-MART #2051           KINGMAN      AZ","
KINGMAN, AZ ","Charge",21.32
"01/26/2026","WAL-MART #2051           KINGMAN      AZ","
KINGMAN, AZ ","Charge",39.26
"01/25/2026","ALLEGNT AIR,E5V          702-5058888  NV","
702-5058888, NV ","Charge",165
"01/24/2026","PAYMENT - THANK YOU"," ","Payment",120.23
"01/24/2026","WAL-MART #2051           KINGMAN      AZ","
KINGMAN, AZ ","Charge",66.17
"01/23/2026","AIRBNB * HMSYBRBPAK      AIRBNB.COM   CA","
AIRBNB.COM, CA ","Charge",53.12
"01/22/2026","SP BUNKER BRANDING C     BUNKERBRANDINTX","
BUNKERBRANDIN, TX ","Charge",39.95
"01/21/2026","PAYMENT - THANK YOU"," ","Payment",178.74
"01/20/2026","PILOT_00610              KINGMAN      AZ","
KINGMAN, AZ ","Charge",26.51
"01/20/2026","STAPLES       00113886   KINGMAN      AZ","
KINGMAN, AZ ","Charge",0.65
"01/18/2026","WAL-MART #2051           KINGMAN      AZ","
KINGMAN, AZ ","Charge",24.26
"01/16/2026","PAYMENT - THANK YOU"," ","Payment",317.95
"01/16/2026","H&R BLOCK TAX SOFTWARE   800-472-5625 MO","
800-472-5625, MO ","Charge",71.34
"01/16/2026","DOLLAR GENERAL #23902    KINGMAN      AZ","
KINGMAN, AZ ","Charge",20.38
"01/15/2026","WAL-MART #2051           KINGMAN      AZ","
KINGMAN, AZ ","Charge",46.49
"01/15/2026","SQ *FLOYD & COMPANY WOOD-gosq.com     AZ","
gosq.com, AZ ","Charge",16.27
"01/14/2026","GOOGLE *Google Store g.co/helppay CREDIT","
/helppay CRED, IT ","Credit",108.1
"01/13/2026","PAYMENT - THANK YOU"," ","Payment",691.23
"01/13/2026","TST* MORNING STORY - MARIMARION       IA","
MARION, IA ","Charge",100
"01/13/2026","Asics                    Las Vegas    NV","
Las Vegas, NV ","Charge",229.21
"01/13/2026","WAL-MART #2051           KINGMAN      AZ","
KINGMAN, AZ ","Charge",29.7
"01/12/2026","CCDOA LAS AIRPORT        LAS VEGAS    NV","
LAS VEGAS, NV ","Charge",48
"01/12/2026","4930 LVNPO               LAS VEGAS    NV","
LAS VEGAS, NV ","Charge",5
"01/11/2026","Breakfast Barn and Lunch Cedar Rapids IA","
Cedar Rapids, IA ","Charge",59
"01/11/2026","CASEYS #2919             MARION       IA","
MARION, IA ","Charge",14.14
"01/11/2026","HOLLYWOOD NAILS          CEDAR RAPIDS IA","
CEDAR RAPIDS, IA ","Charge",200.5
"01/11/2026","SHELL 12822357005        888-467-4355 IA","
888-467-4355, IA ","Charge",17.79
"01/11/2026","CULVERS OF CEDAR RAPIDS  CEDAR RAPIDS IA","
CEDAR RAPIDS, IA ","Charge",5.66
"01/10/2026","TST*WEST END DINER       Marion       IA","
Marion, IA ","Charge",18.47
"01/10/2026","HARRAH'S HOTEL LAS VEGAS 8662094732   NV","
8662094732, NV ","Charge",56.63
"01/09/2026","WM SUPERCENTER #1528     319-393-0444 IA","
319-393-0444, IA ","Charge",105.18
"01/09/2026","CASEYS #2768             CEDAR RAPIDS IA","
CEDAR RAPIDS, IA ","Charge",37.27
"01/09/2026","CASEYS #2768             515-965-6100 IA","
515-965-6100, IA ","Charge",38.5
"01/09/2026","WAL-MART #3630           MARION       IA","
MARION, IA ","Charge",90.31
"01/08/2026","ALLEGNT AIR,KRZ          702-5058888  NV","
702-5058888, NV ","Charge",8
"01/08/2026","WAL-MART #2051           KINGMAN      AZ","
KINGMAN, AZ ","Charge",24.69
"01/05/2026","SHELL 10010473014        888-467-4355 AZ","
888-467-4355, AZ ","Charge",11.08
"01/04/2026","PAYMENT - THANK YOU"," ","Payment",386.43
"01/04/2026","WM SUPERCENTER #2051     928-692-0555 AZ","
928-692-0555, AZ ","Charge",35.15
"01/03/2026","Google Store             650-2530000  CA","
650-2530000, CA ","Charge",0.84
"01/01/2026","DOLLAR GENERAL #23902 KINGMAN  AZ CREDIT","
GMAN  AZ CRED, IT ","Credit",17.84
"01/01/2026","WAL-MART #2051           KINGMAN      AZ","
KINGMAN, AZ ","Charge",73.46
"01/01/2026","SQ *THE CANVAS, ITS FIRE!KINGMAN      AZ","
KINGMAN, AZ ","Charge",20.24
"01/01/2026","CULVERS KINGMAN AIRWAY   KINGMAN      AZ","
KINGMAN, AZ ","Charge",12.52
"12/30/2025","MINT MOBILE              800-683-7392 CA","
800-683-7392, CA ","Charge",205.67
"12/29/2025","PAYMENT - THANK YOU"," ","Payment",881.89
"12/29/2025","DOLLAR GENERAL #23902    KINGMAN      AZ","
KINGMAN, AZ ","Charge",34.59
"12/28/2025","SP BUNKER BRANDING C     BUNKERBRANDINTX","
BUNKERBRANDIN, TX ","Charge",39.95
"12/27/2025","WM SUPERCENTER #2051     928-692-0555 AZ","
928-692-0555, AZ ","Charge",40.03
"12/27/2025","GOOGLE *Google Store     g.co/helppay#CA","
g.co/helppay#, CA ","Charge",575.07
"12/25/2025","Google One               650-2530000  CA","
650-2530000, CA ","Charge",4.94
"12/23/2025","ALLEGNT AIR,KRZ          702-5058888  NV","
702-5058888, NV ","Charge",156
"12/21/2025","WM SUPERCENTER #2051     928-692-0555 AZ","
928-692-0555, AZ ","Charge",55.68
"12/20/2025","PAYMENT - THANK YOU"," ","Payment",220.98
"12/20/2025","WAL-MART #2051           KINGMAN      AZ","
KINGMAN, AZ ","Charge",31.27
"12/20/2025","SQ *THE CANVAS, ITS FIRE!KINGMAN      AZ","
KINGMAN, AZ ","Charge",18.9
"12/17/2025","SPORT CLIPS - AZ401 - KINKINGMAN      AZ","
KINGMAN, AZ ","Charge",34
"12/16/2025","WAL-MART #2051           KINGMAN      AZ","
KINGMAN, AZ ","Charge",3.24
"12/15/2025","SignUp *HavasuHalfMaratho888-3851360  NJ","
888-3851360, NJ ","Charge",43.6
"12/14/2025","BEALE STREET THEATER     WWW.KINGMANARAZ","
WWW.KINGMANAR, AZ ","Charge",27.05
"12/14/2025","WAL-MART #2051           KINGMAN      AZ","
KINGMAN, AZ ","Charge",73.14
"12/13/2025","PAYMENT - THANK YOU"," ","Payment",405.3
"12/13/2025","SP BUNKER BRANDING C     BUNKERBRANDINTX","
BUNKERBRANDIN, TX ","Charge",39.95
"12/10/2025","SQ *NAILS BY GERRIKA     KINGMAN      AZ","
KINGMAN, AZ ","Charge",147.6
"12/09/2025","OUTBACK #3219            LAUGHLIN     NV","
LAUGHLIN, NV ","Charge",81.86
"12/09/2025","TROPICANA CARNEGIES CAFE LAUGHLIN     NV","
LAUGHLIN, NV ","Charge",20.57
"12/08/2025","WAL-MART #2051           KINGMAN      AZ","
KINGMAN, AZ ","Charge",30.02
"12/08/2025","DUTCHBROS.COFFEE         APPS.APPLE.COOR","
APPS.APPLE.CO, OR ","Charge",0.95
"12/07/2025","IN-N-OUT LAUGHLIN        LAUGHLIN     NV","
LAUGHLIN, NV ","Charge",6.61
"12/07/2025","TROPICANA POOLSIDE CAFE  LAUGHLIN     NV","
LAUGHLIN, NV ","Charge",7.58
"12/07/2025","HARRAHS LAUGHLIN BCH CAF LAUGHLIN     NV","
LAUGHLIN, NV ","Charge",37.91
"12/06/2025","IN-N-OUT LAUGHLIN        LAUGHLIN     NV","
LAUGHLIN, NV ","Charge",6.61
"12/06/2025","TROPICANA CARNEGIES CAFE LAUGHLIN     NV","
LAUGHLIN, NV ","Charge",25.99
"12/05/2025","PAYMENT - THANK YOU"," ","Payment",381.44
"12/05/2025","MCDONALD'S F2967         KINGMAN      AZ","
KINGMAN, AZ ","Charge",6.97
"12/05/2025","MCDONALD'S F33234        KINGMAN      AZ","
KINGMAN, AZ ","Charge",3.81
"12/05/2025","SQ *THE CANVAS, ITS FIRE!KINGMAN      AZ","
KINGMAN, AZ ","Charge",18.9
"12/04/2025","WM SUPERCENTER #2051     928-692-0555 AZ","
928-692-0555, AZ ","Charge",9.92
"12/01/2025","WAL-MART #2051           KINGMAN      AZ","
KINGMAN, AZ ","Charge",54.94
"11/30/2025","XSOLLA                   818-435-6613 CA","
818-435-6613, CA ","Charge",13.8
"11/30/2025","SignUp *RunSedonaEvents  888-3851360  NJ","
888-3851360, NJ ","Charge",84.46
"11/30/2025","McDonalds 33234          KINGMAN      AZ","
KINGMAN, AZ ","Charge",10.78
"11/29/2025","SQ *THE CANVAS, ITS FIRE!KINGMAN      AZ","
KINGMAN, AZ ","Charge",22.52
"11/29/2025","CULVERS KINGMAN AIRWAY   KINGMAN      AZ","
KINGMAN, AZ ","Charge",12.52
"11/26/2025","WM SUPERCENTER #2051     928-692-0555 AZ","
928-692-0555, AZ ","Charge",80.07
"11/25/2025","SQ *THE CANVAS, ITS FIRE!KINGMAN      AZ","
KINGMAN, AZ ","Charge",16.21
"11/24/2025","Patreon* Membership      Internet     CA","
Internet, CA ","Charge",4.82
"11/23/2025","PAYMENT - THANK YOU"," ","Payment",1051.7
"11/23/2025","WM SUPERCENTER #2051     928-692-0555 AZ","
928-692-0555, AZ ","Charge",45.84
"11/22/2025","SAFEWAY #2017            KINGMAN      AZ","
KINGMAN, AZ ","Charge",18.93
"11/21/2025","BEALE STREET THEATER     WWW.KINGMANARAZ","
WWW.KINGMANAR, AZ ","Charge",16.55
"11/21/2025","SQ *FLOYD & COMPANY WOOD-gosq.com     AZ","
gosq.com, AZ ","Charge",6.04
"11/19/2025","WAL-MART #2051           KINGMAN      AZ","
KINGMAN, AZ ","Charge",20.57
"11/19/2025","McDonalds 33234          KINGMAN      AZ","
KINGMAN, AZ ","Charge",21.02
"11/18/2025","IN-N-OUT KINGMAN         KINGMAN      AZ","
KINGMAN, AZ ","Charge",15.38
"11/17/2025","WL *Steam Purchase       425-9522 CREDIT","
425-9522 CRED, IT ","Credit",14.58
"11/17/2025","WL *Steam Purchase       425-9522985  WA","
425-9522985, WA ","Charge",14.58
"11/16/2025","PAYMENT - THANK YOU"," ","Payment",41.35
"11/16/2025","STAPLES       00113886 KINGMAN  A CREDIT","
NGMAN  A CRED, IT ","Credit",64.85
"11/16/2025","STAPLES       00113886   KINGMAN      AZ","
KINGMAN, AZ ","Charge",75.66
"11/16/2025","WAL-MART #2051           KINGMAN      AZ","
KINGMAN, AZ ","Charge",45.22
"11/16/2025","PROGRESSIVE *INSURANCE   800-776-4737 OH","
800-776-4737, OH ","Charge",825.5
"11/14/2025","PAYMENT - THANK YOU"," ","Payment",149
"11/14/2025","STAPLES       00113886   KINGMAN      AZ","
KINGMAN, AZ ","Charge",64.85
"11/14/2025","WAL-MART #2051           KINGMAN      AZ","
KINGMAN, AZ ","Charge",42.31
"11/13/2025","WAL-MART #2051           KINGMAN      AZ","
KINGMAN, AZ ","Charge",26.65
"11/13/2025","SQ *THE CANVAS, ITS FIRE!KINGMAN      AZ","
KINGMAN, AZ ","Charge",14.7
"10/29/2025","ANNUAL FEE"," ","Charge",149
