Transaction Date,Post Date,Description,Category,Subcategory,Type,Amount,Memo
11/29/2025,,"SQ *THE CANVAS, ITS FIRE!",Food & Drink,,Sale,-$22.52,
11/29/2025,,CULVERS KINGMAN AIRWAY   ,Food & Drink,,Sale,-$12.52,
11/26/2025,,WM SUPERCENTER #2051     928-692-0555 AZ,Groceries,,Sale,-$80.07,
11/25/2025,,"SQ *THE CANVAS, ITS FIRE!",Food & Drink,,Sale,-$16.21,
11/24/2025,11/25/2025,APPLE.COM/BILL,Entertainment,,Sale,-$16.19,
11/24/2025,,Patreon* Membership      Internet     CA,Entertainment,,Sale,-$4.82,
11/23/2025,11/25/2025,AUTOZONE #1912,Automotive,,Return,$39.58,
11/23/2025,11/25/2025,AUTOZONE #1912,Automotive,,Return,$39.58,
11/23/2025,,WM SUPERCENTER #2051     928-692-0555 AZ,Groceries,,Sale,-$45.84,
11/23/2025,,PAYMENT - THANK YOU,Payment,,Payment,"$1,051.70",
11/22/2025,,SAFEWAY #2017            ,Groceries,,Sale,-$18.93,
11/21/2025,,BEALE STREET THEATER     WWW.KINGMANARAZ,Entertainment,,Sale,-$16.55,
11/21/2025,,SQ *FLOYD & COMPANY WOOD-gosq.com     AZ,Food & Drink,,Sale,-$6.04,
11/19/2025,11/20/2025,APPLE.COM/BILL,Entertainment,,Sale,-$3.23,
11/19/2025,,WAL-MART #2051           ,Groceries,,Sale,-$20.57,
11/19/2025,,McDonalds 33234          ,Food & Drink,,Sale,-$21.02,
11/18/2025,,IN-N-OUT KINGMAN         ,Food & Drink,,Sale,-$15.38,
11/17/2025,,WL *Steam Purchase       425-9522985  WA,Entertainment,,Sale,-$14.58,
11/17/2025,,WL *Steam Purchase       425-9522985  WA,Entertainment,,Return,$14.58,
11/16/2025,,STAPLES       00113886   ,Shopping,,Sale,-$75.66,
11/16/2025,,STAPLES       00113886   ,Shopping,,Return,$64.85,
11/16/2025,,WAL-MART #2051           ,Groceries,,Sale,-$45.22,
11/16/2025,,PROGRESSIVE *INSURANCE   800-776-4737 OH,Bills & Utilities,,Sale,-$825.50,
11/16/2025,,PAYMENT - THANK YOU,Payment,,Payment,$41.35,
11/14/2025,,STAPLES       00113886   ,Shopping,,Sale,-$64.85,
11/14/2025,,WAL-MART #2051           ,Groceries,,Sale,-$42.31,
11/14/2025,,PAYMENT - THANK YOU,Payment,,Payment,$149.00,
11/13/2025,11/13/2025,Payment Thank You - Web,Payment,,Payment,$660.58,
11/13/2025,,WAL-MART #2051           ,Groceries,,Sale,-$26.65,
11/13/2025,,"SQ *THE CANVAS, ITS FIRE!",Food & Drink,,Sale,-$14.70,
11/12/2025,11/12/2025,VISIBLE,Bills & Utilities,,Sale,-$45.00,
11/11/2025,11/12/2025,WAL-MART #2051,Health & Wellness,,Sale,-$4.00,
11/11/2025,11/12/2025,BIG 5 SPORTING GOODS 3,Shopping,,Sale,-$101.59,
11/11/2025,11/12/2025,WAL-MART #2051,Shopping,,Sale,-$85.79,
11/11/2025,11/11/2025,CCDOA LAS AIRPORT,Travel,,Sale,-$144.00,
11/10/2025,11/12/2025,CHICK-FIL-A #03021,Food & Drink,,Sale,-$15.56,
11/10/2025,11/12/2025,CASEYS #2776,Food & Drink,,Sale,-$6.42,
11/10/2025,11/11/2025,Scooters Coffee,Food & Drink,,Sale,-$14.55,
11/10/2025,11/12/2025,CASEYS #2760,Travel,,Sale,-$44.06,
11/10/2025,11/11/2025,CID FLYZONE 6781053,Travel,,Sale,-$40.06,
11/09/2025,11/10/2025,AUTOZONE #5162,Automotive,,Sale,-$196.85,
11/09/2025,11/11/2025,PINK CLOUD SMOKE SHOP,Entertainment,,Sale,-$20.59,
11/09/2025,11/11/2025,CASEYS #3562,Food & Drink,,Sale,-$19.25,
11/09/2025,11/11/2025,CASEYS #2919,Food & Drink,,Sale,-$6.42,
11/09/2025,11/11/2025,STARBUCKS,Food & Drink,,Sale,-$8.56,
11/09/2025,11/10/2025,Scooters Coffee,Food & Drink,,Sale,-$7.65,
11/09/2025,11/11/2025,KWIK STAR #947,Travel,,Sale,-$35.28,
11/09/2025,11/09/2025,Payment Thank You - Web,Payment,,Payment,"$2,459.98",
11/08/2025,11/09/2025,GOOGLE *YouTubePremium,Bills & Utilities,,Sale,-$24.85,
11/08/2025,11/09/2025,GOOGLE *Google One,Bills & Utilities,,Sale,-$21.61,
11/08/2025,11/10/2025,SHELL OIL12861343023,Travel,,Sale,-$32.79,
11/08/2025,11/10/2025,QT 7251 INSIDE,Travel,,Sale,-$3.98,
11/08/2025,11/09/2025,KFC L518106,Travel,,Sale,-$14.10,
11/08/2025,11/09/2025,AUTOZONE #0933,Travel,,Sale,-$10.87,
11/08/2025,11/09/2025,RHODES 101 STOPS # 335,Travel,,Sale,-$43.43,
11/08/2025,11/09/2025,RHODES 101 STOPS # 335,Travel,,Sale,-$35.89,
11/08/2025,11/09/2025,RHODES 101 STOPS # 335,Travel,,Sale,-$8.57,
11/08/2025,11/09/2025,RHODES 101 STOPS # 335,Travel,,Sale,-$8.25,
11/08/2025,11/09/2025,SHELL 12861343023,Travel,,Sale,-$18.48,
11/07/2025,11/09/2025,BURGER KING #8081  Q07,Travel,,Sale,-$35.11,
11/07/2025,11/09/2025,WM SUPERCENTER #5102,Travel,,Sale,-$13.88,
11/07/2025,11/09/2025,TST*BUBS BURGERS,Travel,,Sale,-$44.32,
11/07/2025,11/09/2025,WAL-MART #5102,Travel,,Sale,-$79.01,
11/07/2025,11/09/2025,SHELL 57542215108,Travel,,Sale,-$33.62,
11/07/2025,11/09/2025,SQ *CAJUN PRIDE SWAMP,Travel,,Sale,-$68.34,
11/06/2025,11/09/2025,CAFE DU MONDE - CITY P,Travel,,Sale,-$31.32,
11/06/2025,11/09/2025,LANDRYS NEW ORLEANS,Travel,,Sale,-$135.00,
11/06/2025,11/07/2025,DOMINO'S 5235,Travel,,Sale,-$17.16,
11/06/2025,11/07/2025,WAL-MART #3167,Travel,,Sale,-$52.64,
11/06/2025,11/07/2025,FH* CAJUN PRIDE TOURS,Travel,,Sale,-$90.00,
11/06/2025,11/07/2025,PREMIUM PARKING,Travel,,Sale,-$26.82,
11/06/2025,11/07/2025,CAESARS FRONT DESK,Travel,,Sale,-$24.98,
11/05/2025,11/07/2025,90949 - NEW ORLEANS PA,Travel,,Sale,-$6.00,
11/05/2025,11/07/2025,TST*ARABELLA CASA DI P,Travel,,Sale,-$69.55,
11/05/2025,11/06/2025,SQ *CRESCENT CITY VAPE,Travel,,Sale,-$82.47,
11/05/2025,11/06/2025,CAESARS ADV DEPOSIT,Travel,,Sale,-$151.80,
11/05/2025,11/06/2025,SQ *ALL DAY DELICIOUS,Travel,,Sale,-$135.10,
11/05/2025,11/05/2025,APPLE.COM/BILL,Travel,,Sale,-$10.80,
11/05/2025,11/05/2025,SHELL 57544138506,Travel,,Sale,-$47.98,
11/04/2025,11/06/2025,CASEYS #2760,Travel,,Sale,-$44.31,
11/04/2025,11/06/2025,CASEYS #2760,Travel,,Sale,-$25.87,
11/04/2025,11/06/2025,CASEYS 4555,Travel,,Sale,-$13.18,
11/04/2025,11/06/2025,CASEYS #2614,Travel,,Sale,-$3.62,
11/04/2025,11/06/2025,CASEYS #2614,Travel,,Sale,-$9.12,
11/04/2025,11/05/2025,BP#9726944GAS MART QPS,Travel,,Sale,-$33.82,
11/04/2025,11/05/2025,BP#9726944GAS MART QPS,Travel,,Sale,-$24.57,
11/04/2025,11/05/2025,BEST STOP #21,Travel,,Sale,-$14.42,
11/04/2025,11/05/2025,SONIC DRIVE IN #3103,Travel,,Sale,-$25.95,
11/04/2025,11/05/2025,SONIC DRIVE IN #3103,Travel,,Sale,-$17.52,
11/04/2025,11/05/2025,CIRCLE K 05156,Travel,,Sale,-$32.78,
11/04/2025,11/05/2025,CIRCLE K 05156,Travel,,Sale,-$27.65,
11/04/2025,11/05/2025,Scooters Coffee,Travel,,Sale,-$12.63,
11/04/2025,11/05/2025,Scooters Coffee,Travel,,Sale,-$7.65,
11/03/2025,11/05/2025,DAISYS GARAGE,Food & Drink,,Sale,-$70.00,
11/03/2025,11/05/2025,CASEYS #2760,Gas,,Sale,-$42.33,
11/03/2025,11/04/2025,HY-VEE MARION 1396,Groceries,,Sale,-$21.37,
11/03/2025,11/04/2025,WAL-MART #3630,Travel,,Sale,-$205.80,
11/02/2025,11/04/2025,DAISYS GARAGE,Food & Drink,,Sale,-$140.00,
11/02/2025,11/04/2025,STARBUCKS STORE 77711,Food & Drink,,Sale,-$7.69,
11/01/2025,11/02/2025,CKE*TAVERN BLUE CORALV,Food & Drink,,Sale,-$21.00,
11/01/2025,11/02/2025,FAREWAY STORES  INC,Groceries,,Sale,-$24.07,
10/31/2025,11/02/2025,BP#1662200MELBORNE QPS,Gas,,Sale,-$21.57,
10/31/2025,11/02/2025,HY-VEE MARION 1396,Groceries,,Sale,-$36.36,
10/30/2025,10/31/2025,SHELL 12675958008,Gas,,Sale,-$35.86,
10/29/2025,,ANNUAL FEE,Fees & Adjustments,,Fee,$149.00,
10/28/2025,10/29/2025,WAL-MART #2051,Groceries,,Sale,-$21.65,
10/28/2025,10/28/2025,Payment Thank You-Mobile,Payment,,Payment,$194.42,
10/26/2025,10/27/2025,WM SUPERCENTER #2051,Groceries,,Sale,-$30.28,
10/25/2025,10/26/2025,BEALE STREET THEATER,Entertainment,,Sale,-$27.05,
10/25/2025,10/26/2025,SQ *FLOYD &amp; COMPANY WO,Food & Drink,,Sale,-$18.71,
10/24/2025,10/26/2025,DOLLAR GENERAL #23902,Shopping,,Sale,-$11.76,
10/23/2025,10/24/2025,BEALE STREET THEATER,Entertainment,,Sale,-$27.05,
10/23/2025,10/24/2025,WM SUPERCENTER #2051,Groceries,,Sale,-$27.85,
10/22/2025,10/23/2025,WM SUPERCENTER #2051,Groceries,,Sale,-$51.72,
10/22/2025,10/23/2025,CCDOA LAS AIRPORT,Travel,,Sale,-$72.00,
10/22/2025,10/22/2025,Payment Thank You - Web,Payment,,Payment,$955.00,
10/21/2025,10/23/2025,ARBYS 5764,Food & Drink,,Sale,-$18.17,
10/21/2025,10/22/2025,Scooters Coffee,Food & Drink,,Sale,-$7.65,
10/21/2025,10/23/2025,CASEYS #2919,Gas,,Sale,-$3.62,
10/21/2025,10/23/2025,GIT N GO 34,Gas,,Sale,-$26.33,
10/21/2025,10/22/2025,HY-VEE MARION 1396,Groceries,,Sale,-$169.80,
10/20/2025,10/20/2025,APPLE.COM/BILL,Bills & Utilities,,Sale,-$3.05,
10/20/2025,10/22/2025,CASEYS #2924,Food & Drink,,Sale,-$5.34,
10/20/2025,10/21/2025,Scooters Coffee,Food & Drink,,Sale,-$14.55,
10/20/2025,10/22/2025,KWIK STAR #1008,Gas,,Sale,-$3.73,
10/20/2025,10/22/2025,4180 PLANET FITNESS,Health & Wellness,,Sale,-$1.08,
10/19/2025,10/21/2025,CASEYS #2767,Food & Drink,,Sale,-$3.62,
10/19/2025,10/21/2025,CASEYS #2767,Gas,,Sale,-$27.69,
10/18/2025,10/20/2025,CASEYS #3527,Food & Drink,,Sale,-$11.06,
10/18/2025,10/20/2025,CASEYS #3527,Gas,,Sale,-$49.16,
10/18/2025,10/20/2025,KWIK STAR #1186,Gas,,Sale,-$48.58,
10/18/2025,10/20/2025,SHELL OIL 12538572004,Gas,,Sale,-$50.42,
10/18/2025,10/19/2025,LINQ FRONT DSK,Travel,,Sale,-$128.25,
10/17/2025,10/19/2025,SMOKE CENTER,Entertainment,,Sale,-$30.05,
10/17/2025,10/19/2025,STARBUCKS STORE 66255,Food & Drink,,Sale,-$15.53,
10/17/2025,10/19/2025,CN TRAVEL PLAZA-ANTLER,Gas,,Sale,-$42.47,
10/17/2025,10/19/2025,CN TRAVEL PLAZA-ANTLER,Gas,,Sale,-$21.11,
10/17/2025,10/19/2025,CN TRAVEL PLAZA-ANTLER,Gas,,Sale,-$5.15,
10/17/2025,10/19/2025,EXXON CLAYTON'S WEST,Gas,,Sale,-$57.75,
10/17/2025,10/19/2025,FRESH 801,Groceries,,Sale,-$44.73,
10/17/2025,10/19/2025,DOLLAR GENERAL #16922,Shopping,,Sale,-$20.24,
10/16/2025,10/17/2025,TST*HASH HOUSE A GO GO,Food & Drink,,Sale,-$44.87,
10/16/2025,10/19/2025,ALLEGNT    E4U6FC,Travel,,Sale,-$29.00,
10/16/2025,10/16/2025,Payment Thank You - Web,Payment,,Payment,$596.74,
10/12/2025,10/12/2025,VISIBLE,Bills & Utilities,,Sale,-$45.00,
10/12/2025,10/13/2025,WAL-MART #2051,Groceries,,Sale,-$44.50,
10/11/2025,10/12/2025,WL *STEAM PURCHASE,Entertainment,,Sale,-$8.64,
10/11/2025,10/12/2025,TST*SWEET BREEZE CREPE,Food & Drink,,Sale,-$13.00,
10/11/2025,10/12/2025,SQ *CHLOEE'S CONCERT C,Food & Drink,,Sale,-$8.00,
10/10/2025,10/12/2025,APPLE.COM/BILL,Bills & Utilities,,Sale,-$43.23,
10/10/2025,10/12/2025,SQ *THE CANVAS  ITS FI,Food & Drink,,Sale,-$18.83,
10/10/2025,10/12/2025,DOLLAR GENERAL #23902,Shopping,,Sale,-$23.24,
10/09/2025,10/10/2025,WM SUPERCENTER #2051,Groceries,,Sale,-$34.83,
10/09/2025,10/10/2025,GOOGLE *Google Store,Shopping,,Return,$74.32,
10/09/2025,10/12/2025,ALLEGNT    D9WNQD,Travel,,Sale,-$69.00,
10/08/2025,10/09/2025,GOOGLE *YouTubePremium,Bills & Utilities,,Sale,-$24.85,
10/08/2025,10/09/2025,TM *TICKETMASTER,Entertainment,,Sale,-$206.86,
10/08/2025,10/08/2025,GOOGLE *Google One,Professional Services,,Sale,-$21.61,
10/08/2025,10/09/2025,AMAZON MKTPL*NF6040MN0,Shopping,,Sale,-$64.03,
10/08/2025,10/10/2025,ALLEGNT    F7F9UZ,Travel,,Sale,-$150.00,
10/08/2025,10/09/2025,AIRBNB * HMESWKDPCC,Travel,,Sale,-$895.36,
10/07/2025,10/08/2025,MARTIN SWANTY KIA,Automotive,,Sale,-$84.29,
10/07/2025,10/08/2025,SQ *NAILS BY GERRIKA,Health & Wellness,,Sale,-$133.75,
10/07/2025,10/09/2025,ALLEGNT    Y8V8GJ,Travel,,Sale,-$101.00,
10/06/2025,10/07/2025,WM SUPERCENTER #2051,Groceries,,Sale,-$22.70,
10/05/2025,10/06/2025,SPORT CLIPS - AZ401 -,Health & Wellness,,Sale,-$36.00,
10/04/2025,10/06/2025,TROPICANA CARNEGIES CA,Food & Drink,,Sale,-$38.98,
10/04/2025,10/05/2025,SQ *KINGMAN CENTER FOR,Gifts & Donations,,Sale,-$70.00,
10/02/2025,10/03/2025,CTLP*CSC SERVICEWORKS,Automotive,,Sale,-$3.00,
10/02/2025,10/03/2025,APPLE.COM/BILL,Bills & Utilities,,Sale,-$69.99,
10/02/2025,10/05/2025,AVI RESORT &amp; CASINO -,Food & Drink,,Sale,-$33.15,
10/02/2025,10/02/2025,AIRBNB * HMRW8JRF9E,Travel,,Return,"$1,516.86",
10/01/2025,10/05/2025,PILOT 8888SV,Gas,,Sale,-$100.00,
09/30/2025,10/01/2025,McDonalds 33234,Food & Drink,,Sale,-$13.83,
09/29/2025,09/30/2025,WM SUPERCENTER #2051,Groceries,,Sale,-$35.32,
09/29/2025,09/30/2025,STAPLES       00113886,Shopping,,Sale,-$0.82,
09/29/2025,09/30/2025,GOOGLE *Google Store,Shopping,,Sale,-$74.32,
09/29/2025,10/01/2025,ALLEGNT    E4U6FC,Travel,,Sale,-$87.00,
09/27/2025,09/28/2025,APPLE.COM/BILL,Shopping,,Sale,-$3.77,
09/26/2025,09/28/2025,GOOGLE *Google Store,Shopping,,Return,$971.82,
09/25/2025,09/26/2025,VISIBLE,Bills & Utilities,,Sale,-$6.00,
09/25/2025,09/26/2025,DEL TACO 845 OLO,Food & Drink,,Sale,-$10.32,
09/25/2025,09/26/2025,WM SUPERCENTER #2051,Groceries,,Sale,-$84.72,
09/25/2025,09/25/2025,GOOGLE *Google Store,Shopping,,Return,$323.22,
09/24/2025,09/25/2025,DUTCH BROS,Food & Drink,,Sale,-$100.00,
09/24/2025,09/25/2025,SP BUNKER BRANDING C,Shopping,,Sale,-$76.36,
09/24/2025,09/25/2025,APPLE.COM/BILL,Shopping,,Sale,-$1.07,
09/24/2025,09/25/2025,APPLE.COM/BILL,Shopping,,Sale,-$19.45,
09/24/2025,09/25/2025,GOOGLE *Google Store,Shopping,,Return,$40.43,
09/23/2025,09/23/2025,SQ *DECENT SMOKE SHOP,Entertainment,,Sale,-$33.85,
09/23/2025,09/24/2025,SQ *THE CANVAS  ITS FI,Food & Drink,,Sale,-$19.09,
09/23/2025,09/24/2025,WAL-MART #2051,Groceries,,Sale,-$2.23,
09/23/2025,09/24/2025,PAYPAL *PRINTFULINC,Shopping,,Sale,-$96.16,
09/22/2025,09/24/2025,CASEYS #2791,Food & Drink,,Sale,-$29.33,
09/22/2025,09/24/2025,CASEYS #2776,Food & Drink,,Sale,-$10.79,
09/22/2025,09/24/2025,CASEYS #2791,Gas,,Sale,-$35.00,
09/22/2025,09/23/2025,FEDEX OFFIC39700003970,Personal,,Sale,-$26.37,
09/22/2025,09/23/2025,CCDOA LAS AIRPORT,Travel,,Sale,-$132.00,
09/21/2025,09/23/2025,CASEYS #2919,Food & Drink,,Sale,-$8.96,
09/21/2025,09/21/2025,Payment Thank You - Web,Payment,,Payment,$788.96,
09/20/2025,09/21/2025,Xsolla*PikminBloom,Entertainment,,Sale,-$21.61,
09/20/2025,09/22/2025,CASEYS #2919,Food & Drink,,Sale,-$5.34,
09/20/2025,09/21/2025,PX* GODFATHERS PIZZA-,Food & Drink,,Sale,-$41.34,
09/20/2025,09/21/2025,KUM&amp;GO 0517R CEDAR RA,Gas,,Sale,-$16.54,
09/20/2025,09/21/2025,HY-VEE CEDAR RAPIDS 10,Groceries,,Sale,-$20.55,
09/19/2025,09/21/2025,DAISYS GARAGE,Food & Drink,,Sale,-$67.00,
09/19/2025,09/21/2025,Scooters Coffee,Food & Drink,,Sale,-$7.65,
09/18/2025,09/21/2025,CASEYS #2924,Food & Drink,,Sale,-$11.30,
09/18/2025,09/21/2025,CASEYS #2919,Food & Drink,,Sale,-$9.07,
09/18/2025,09/19/2025,Scooters Coffee,Food & Drink,,Sale,-$7.65,
09/18/2025,09/19/2025,Scooters Coffee,Food & Drink,,Sale,-$6.90,
09/18/2025,09/21/2025,CASEYS #2924,Gas,,Sale,-$42.39,
09/18/2025,09/21/2025,LENSCRAFTERS  2265,Health & Wellness,,Sale,-$10.00,
09/17/2025,09/18/2025,PINK CLOUD SMOKE SHOP,Entertainment,,Sale,-$41.19,
09/17/2025,09/19/2025,CASEYS #2924,Food & Drink,,Sale,-$15.38,
09/17/2025,09/18/2025,FIELDHOUSE1STAVE,Food & Drink,,Sale,-$65.00,
09/17/2025,09/18/2025,Scooters Coffee,Food & Drink,,Sale,-$7.65,
09/17/2025,09/19/2025,TOBACCO OUTLET PLUS #5,Shopping,,Sale,-$2.13,
09/17/2025,09/18/2025,GOOGLE *Google Store,Shopping,,Return,$540.50,
09/16/2025,09/17/2025,FIELDHOUSE1STAVE,Food & Drink,,Sale,-$300.00,
09/16/2025,09/17/2025,Scooters Coffee,Food & Drink,,Sale,-$7.65,
09/15/2025,09/17/2025,CASEYS #2919,Food & Drink,,Sale,-$3.62,
09/15/2025,09/16/2025,ZIO JOHNOS MARION,Food & Drink,,Sale,-$34.07,
09/15/2025,09/16/2025,Scooters Coffee,Food & Drink,,Sale,-$7.65,
09/15/2025,09/16/2025,HY-VEE CEDAR RAPIDS 10,Groceries,,Sale,-$5.99,
09/15/2025,09/16/2025,GOOGLE *Google Store,Shopping,,Return,$324.30,
09/14/2025,09/15/2025,MINT MOBILE,Bills & Utilities,,Sale,-$50.72,
09/14/2025,09/16/2025,CASEYS #3561,Food & Drink,,Sale,-$8.80,
09/14/2025,09/15/2025,ZIO JOHNOS MARION,Food & Drink,,Sale,-$36.36,
09/14/2025,09/15/2025,Scooters Coffee,Food & Drink,,Sale,-$14.55,
09/14/2025,09/16/2025,CASEYS #2790,Gas,,Sale,-$34.92,
09/13/2025,09/15/2025,CASEYS #2776,Food & Drink,,Sale,-$6.42,
09/13/2025,09/14/2025,MCDONALD'S M2071,Food & Drink,,Sale,-$10.69,
09/13/2025,09/14/2025,Scooters Coffee,Food & Drink,,Sale,-$13.48,
09/13/2025,09/15/2025,CASEYS #2919,Gas,,Sale,-$38.07,
09/12/2025,09/12/2025,VISIBLE,Bills & Utilities,,Sale,-$35.00,
09/12/2025,09/14/2025,PORT OF SUBS 0039,Food & Drink,,Sale,-$16.57,
09/12/2025,09/12/2025,SQ *FLOYD &amp; COMPANY WO,Food & Drink,,Sale,-$21.18,
09/12/2025,09/14/2025,SHELL OIL 12675958008,Gas,,Sale,-$33.54,
09/11/2025,09/14/2025,TST*SCOOPS ON 66,Food & Drink,,Sale,-$4.90,
09/10/2025,09/11/2025,GOOGLE *Google Store,Shopping,,Sale,-$40.43,
09/08/2025,09/09/2025,GOOGLE *YouTubePremium,Bills & Utilities,,Sale,-$24.85,
09/08/2025,09/09/2025,FREMONT HOTEL FRONT DE,Entertainment,,Sale,-$38.41,
09/08/2025,09/09/2025,WM SUPERCENTER #2051,Groceries,,Sale,-$18.34,
09/08/2025,09/08/2025,GOOGLE *Google One,Shopping,,Sale,-$21.61,
09/06/2025,09/08/2025,FOUR QUEENS MAGNOLIA'S,Food & Drink,,Sale,-$25.00,
09/05/2025,09/05/2025,GOOGLE *Google Store,Shopping,,Sale,-$863.72,
09/04/2025,09/05/2025,WM SUPERCENTER #2051,Groceries,,Sale,-$8.67,
09/03/2025,09/04/2025,WM SUPERCENTER #2051,Groceries,,Sale,-$2.56,
09/02/2025,09/03/2025,WYZE LABS INC.,Bills & Utilities,,Sale,-$108.09,
09/02/2025,09/03/2025,FREMONT HOTEL FRONT DE,Entertainment,,Sale,-$51.98,
09/02/2025,09/03/2025,FREMONT HOTEL FRONT DE,Entertainment,,Sale,-$38.41,
09/02/2025,09/03/2025,WM SUPERCENTER #2051,Groceries,,Sale,-$71.75,
09/02/2025,09/03/2025,GOOGLE *Google Store,Shopping,,Sale,"-$1,296.12",
09/02/2025,09/03/2025,Payment Thank You - Web,Payment,,Payment,$300.00,
09/02/2025,09/02/2025,Payment Thank You-Mobile,Payment,,Payment,"$1,700.00",
08/31/2025,09/02/2025,FOUR QUEENS MAGNOLIA'S,Food & Drink,,Sale,-$27.20,
08/31/2025,09/01/2025,DUTCH BROS,Food & Drink,,Sale,-$100.00,
08/30/2025,09/01/2025,FREMONT STREET EXPERIE,Entertainment,,Sale,-$25.00,
08/30/2025,08/31/2025,FREMONT HOTEL FRONT DE,Entertainment,,Sale,-$45.20,
08/29/2025,08/31/2025,PAYPAL *TICKETMASTER,Entertainment,,Sale,-$149.00,
08/29/2025,08/29/2025,Payment Thank You - Web,Payment,,Payment,$350.00,
08/28/2025,08/29/2025,WAL-MART #2051,Groceries,,Sale,-$73.95,
08/27/2025,08/28/2025,QUESTHEALTH.COM,Health & Wellness,,Return,$6.00,
08/27/2025,08/28/2025,SQ *NAILS BY GERRIKA,Health & Wellness,,Sale,-$92.25,
08/27/2025,08/27/2025,SQL*SONORA QUEST LABS,Health & Wellness,,Sale,-$82.00,
08/26/2025,08/28/2025,QUESTHEALTH.COM,Health & Wellness,,Return,$106.50,
08/26/2025,08/27/2025,QUESTHEALTH.COM,Health & Wellness,,Sale,-$112.50,
08/26/2025,08/26/2025,Payment Thank You - Web,Payment,,Payment,$420.00,
08/25/2025,08/27/2025,CASEYS #2776,Food & Drink,,Sale,-$3.62,
08/25/2025,08/26/2025,Scooters Coffee,Food & Drink,,Sale,-$7.65,
08/25/2025,08/27/2025,KWIK STAR #947,Gas,,Sale,-$15.00,
08/25/2025,08/26/2025,CCDOA LAS AIRPORT,Travel,,Sale,-$48.00,
08/24/2025,08/26/2025,CASEYS #3561,Food & Drink,,Sale,-$11.76,
08/24/2025,08/25/2025,MCDONALD'S M2071,Food & Drink,,Sale,-$3.72,
08/24/2025,08/25/2025,Scooters Coffee,Food & Drink,,Sale,-$13.48,
08/23/2025,08/24/2025,Scooters Coffee,Food & Drink,,Sale,-$7.65,
08/23/2025,08/24/2025,WAL-MART #1528,Shopping,,Sale,-$96.09,
08/22/2025,08/24/2025,FIELDHOUSE1STAVE,Food & Drink,,Sale,-$38.34,
08/22/2025,08/24/2025,SQ *319-CEDAR RAPIDS,Food & Drink,,Sale,-$11.00,
08/22/2025,08/24/2025,Scooters Coffee,Food & Drink,,Sale,-$7.65,
08/22/2025,08/24/2025,EXXON WESTSIDE MOBIL,Gas,,Sale,-$26.02,
08/22/2025,08/24/2025,KUM&amp;GO 0520R CEDAR RA,Gas,,Sale,-$40.14,
08/22/2025,08/24/2025,HY-VEE CEDAR RAPIDS 10,Groceries,,Sale,-$21.47,
08/21/2025,08/22/2025,BEALE STREET THEATER,Entertainment,,Sale,-$37.55,
08/21/2025,08/21/2025,Payment Thank You - Web,Payment,,Payment,$139.50,
08/19/2025,08/20/2025,DUTCH BROS,Food & Drink,,Sale,-$50.00,
08/18/2025,08/20/2025,RVA *SVC CHAIN,Bills & Utilities,,Sale,-$2.00,
08/18/2025,08/19/2025,RVA AZ DEPT OF REVENUE,Bills & Utilities,,Sale,-$87.50,
08/18/2025,08/19/2025,DUTCHBROS.COFFEE,Food & Drink,,Sale,-$6.38,
08/18/2025,08/18/2025,Payment Thank You - Web,Payment,,Payment,$67.37,
08/17/2025,08/18/2025,DUTCHBROS.COFFEE,Food & Drink,,Sale,-$6.38,
08/17/2025,08/18/2025,WM SUPERCENTER #2051,Groceries,,Sale,-$27.86,
08/16/2025,08/18/2025,TST*SCOOPS ON 66,Food & Drink,,Sale,-$8.19,
08/16/2025,08/17/2025,SQ *FLOYD &amp; COMPANY WO,Food & Drink,,Sale,-$21.18,
08/16/2025,08/17/2025,DUTCHBROS.COFFEE,Food & Drink,,Sale,-$6.38,
08/15/2025,08/17/2025,DUTCHBROS.COFFEE,Food & Drink,,Sale,-$6.38,
08/15/2025,08/15/2025,Payment Thank You - Web,Payment,,Payment,"$2,896.67",
08/14/2025,08/17/2025,TST*SCOOPS ON 66,Food & Drink,,Sale,-$8.19,
08/14/2025,08/15/2025,SQ *THE CANVAS  ITS FI,Food & Drink,,Sale,-$30.55,
08/14/2025,08/15/2025,DUTCHBROS.COFFEE,Food & Drink,,Sale,-$5.33,
08/14/2025,08/15/2025,WAL-MART #2051,Groceries,,Sale,-$13.55,
08/12/2025,08/12/2025,VISIBLE,Bills & Utilities,,Sale,-$35.00,
08/12/2025,08/13/2025,WAL-MART #2051,Groceries,,Sale,-$18.02,
08/11/2025,08/12/2025,WM SUPERCENTER #2051,Groceries,,Sale,-$7.16,
08/10/2025,08/12/2025,TST*STREGA LV RAINBOW,Food & Drink,,Sale,-$18.41,
08/10/2025,08/12/2025,TST*SCOOPS ON 66,Food & Drink,,Sale,-$5.80,
08/10/2025,08/11/2025,DUTCH BROS,Food & Drink,,Sale,-$30.00,
08/10/2025,08/11/2025,CIRCLE K # 09635,Gas,,Sale,-$44.20,
08/10/2025,08/11/2025,GOOGLE *Pikmin Bloom,Professional Services,,Sale,-$10.80,
08/10/2025,08/11/2025,CCDOA LAS AIRPORT,Travel,,Sale,-$40.00,
08/09/2025,08/10/2025,DUTCH BROS,Food & Drink,,Sale,-$25.00,
08/09/2025,08/10/2025,DUTCHBROS.COFFEE,Food & Drink,,Sale,-$0.29,
08/08/2025,08/10/2025,GOOGLE *YouTubePremium,Bills & Utilities,,Sale,-$24.85,
08/08/2025,08/08/2025,GOOGLE *Google One,Entertainment,,Sale,-$21.61,
08/08/2025,08/10/2025,DUTCH BROS,Food & Drink,,Sale,-$30.00,
08/08/2025,08/10/2025,SQ *HAUTEBOX WOODFIRE,Food & Drink,,Sale,-$68.76,
08/08/2025,08/10/2025,DUTCHBROS.COFFEE,Food & Drink,,Sale,-$5.85,
08/08/2025,08/10/2025,76 - COMMERCIAL STREET,Gas,,Sale,-$20.26,
08/08/2025,08/10/2025,CIRCLE K # 09635,Gas,,Sale,-$43.17,
08/08/2025,08/10/2025,DOLLAR GENERAL #18246,Shopping,,Sale,-$5.00,
08/08/2025,08/10/2025,ALLEGNT    VDFNRK,Travel,,Sale,-$156.00,
08/07/2025,08/08/2025,DUTCHBROS.COFFEE,Food & Drink,,Sale,-$11.56,
08/07/2025,08/08/2025,DOLLAR GENERAL #18246,Shopping,,Sale,-$21.90,
08/06/2025,08/06/2025,MINT MOBILE,Bills & Utilities,,Sale,-$50.72,
08/06/2025,08/07/2025,DUTCHBROS.COFFEE,Food & Drink,,Sale,-$6.38,
08/05/2025,08/06/2025,DUTCHBROS.COFFEE,Food & Drink,,Sale,-$6.38,
08/05/2025,08/06/2025,WM SUPERCENTER #2051,Groceries,,Sale,-$31.84,
08/05/2025,08/05/2025,Payment Thank You - Web,Payment,,Payment,$71.85,
08/04/2025,08/04/2025,MY CHASE LOAN INTEREST CH,Fees & Adjustments,,Fee,-$31.85,
08/04/2025,08/05/2025,DUTCHBROS.COFFEE,Food & Drink,,Sale,-$11.56,
08/03/2025,08/04/2025,DUTCHBROS.COFFEE,Food & Drink,,Sale,-$6.38,
08/02/2025,08/03/2025,DUTCHBROS.COFFEE,Food & Drink,,Sale,-$6.38,
08/02/2025,08/03/2025,WAL-MART #2051,Groceries,,Sale,-$87.53,
08/01/2025,08/03/2025,DUTCHBROS.COFFEE,Food & Drink,,Sale,-$6.38,
08/01/2025,08/03/2025,SPORT CLIPS - AZ401 -,Health & Wellness,,Sale,-$31.00,
08/01/2025,08/01/2025,Payment Thank You - Web,Payment,,Payment,"$4,084.42",
07/31/2025,08/01/2025,DUTCHBROS.COFFEE,Food & Drink,,Sale,-$4.10,
07/28/2025,07/29/2025,WAL-MART #2051,Groceries,,Sale,-$61.29,
07/25/2025,07/27/2025,SQ *THE CANVAS  ITS FI,Food & Drink,,Sale,-$16.31,
07/25/2025,07/27/2025,MAVERIK #376,Gas,,Sale,-$26.96,
07/25/2025,07/25/2025,Payment Thank You - Web,Payment,,Payment,"$2,240.94",
07/24/2025,07/25/2025,LASTPASS.COM,Bills & Utilities,,Sale,-$13.18,
07/24/2025,07/25/2025,WM SUPERCENTER #2051,Groceries,,Sale,-$37.70,
07/24/2025,07/27/2025,ALLEGNT    Z5QUWF,Travel,,Sale,-$148.00,
07/23/2025,07/25/2025,CASEYS #3561,Food & Drink,,Sale,-$3.62,
07/23/2025,07/24/2025,Scooters Coffee,Food & Drink,,Sale,-$7.65,
07/23/2025,07/24/2025,WM SUPERCENTER #2051,Groceries,,Sale,-$66.04,
07/23/2025,07/24/2025,PAYPAL *BESTBUY COM,Shopping,,Sale,-$215.42,
07/23/2025,07/24/2025,CURB LV TAXI LUCKY,Travel,,Sale,-$28.91,
07/22/2025,07/23/2025,Scooters Coffee,Food & Drink,,Sale,-$7.65,
07/21/2025,07/23/2025,CASEYS #2919,Food & Drink,,Sale,-$6.42,
07/21/2025,07/22/2025,Scooters Coffee,Food & Drink,,Sale,-$7.65,
07/20/2025,07/21/2025,CTLP*AIR/TIRE OR VAC,Automotive,,Sale,-$1.75,
07/20/2025,07/21/2025,Scooters Coffee,Food & Drink,,Sale,-$7.65,
07/19/2025,07/20/2025,PROGRESSIVE INS,Bills & Utilities,,Return,$88.97,
07/19/2025,07/20/2025,BP#9178294RT 83 BP QPS,Food & Drink,,Sale,-$5.94,
07/19/2025,07/20/2025,DD/BR #354795 Q35,Food & Drink,,Sale,-$4.59,
07/19/2025,07/21/2025,CASEYS #2989,Gas,,Sale,-$39.73,
07/18/2025,07/20/2025,CASEYS #2776,Food & Drink,,Sale,-$10.79,
07/18/2025,07/20/2025,CASEYS #2776,Food & Drink,,Sale,-$7.57,
07/18/2025,07/20/2025,NEW MODERN GRILL,Food & Drink,,Sale,-$51.35,
07/18/2025,07/20/2025,Scooters Coffee,Food & Drink,,Sale,-$7.65,
07/18/2025,07/20/2025,EXXON 7-ELEVEN 38397,Gas,,Sale,-$40.59,
07/18/2025,07/20/2025,MURPHY7287ATWALMART,Gas,,Sale,-$39.44,
07/18/2025,07/20/2025,PARKINGMETER2 87724279,Travel,,Sale,-$5.00,
07/18/2025,07/20/2025,PARKINGMETER2 87724279,Travel,,Sale,-$2.45,
07/17/2025,07/18/2025,TMOBILE*PREPD AUTOPY,Bills & Utilities,,Sale,-$16.34,
07/17/2025,07/18/2025,Scooters Coffee,Food & Drink,,Sale,-$7.65,
07/17/2025,07/18/2025,STAPLES       00102723,Shopping,,Sale,-$2.44,
07/16/2025,07/17/2025,Scooters Coffee,Food & Drink,,Sale,-$7.65,
07/16/2025,07/17/2025,KUM&amp;GO 0520R CEDAR RA,Gas,,Sale,-$38.45,
07/15/2025,07/16/2025,WESTSIDE TIRE CO INC,Automotive,,Sale,-$77.04,
07/15/2025,07/16/2025,Scooters Coffee,Food & Drink,,Sale,-$7.65,
07/15/2025,07/16/2025,HY-VEE CEDAR RAPIDS 10,Groceries,,Sale,-$5.36,
07/14/2025,07/16/2025,THE DOUBLE Z BAR AND G,Food & Drink,,Sale,-$49.00,
07/14/2025,07/15/2025,EL VIEJO MEXICAN RESTA,Food & Drink,,Sale,-$68.75,
07/14/2025,07/15/2025,Scooters Coffee,Food & Drink,,Sale,-$7.65,
07/13/2025,07/15/2025,CASEYS #3382,Food & Drink,,Sale,-$8.96,
07/13/2025,07/14/2025,Scooters Coffee,Food & Drink,,Sale,-$7.65,
07/13/2025,07/14/2025,HY-VEE CEDAR RAPIDS 10,Groceries,,Sale,-$29.17,
07/12/2025,07/13/2025,VISIBLE,Bills & Utilities,,Sale,-$35.00,
07/12/2025,07/13/2025,Xsolla*PikminBloom,Entertainment,,Sale,-$21.49,
07/12/2025,07/13/2025,FIELDHOUSE1STAVE,Food & Drink,,Sale,-$25.00,
07/12/2025,07/13/2025,Scooters Coffee,Food & Drink,,Sale,-$7.65,
07/12/2025,07/13/2025,KUM&amp;GO 0520R CEDAR RA,Gas,,Sale,-$51.30,
07/12/2025,07/13/2025,SILVER SEVENS HOTEL &amp;,Travel,,Return,$150.00,
07/11/2025,07/13/2025,SILVER SEVENS HOTEL &amp;,Travel,,Sale,-$193.54,
07/11/2025,07/13/2025,UBER   *TRIP,Travel,,Sale,-$2.00,
07/11/2025,07/13/2025,UBER   *TRIP,Travel,,Sale,-$13.94,
07/10/2025,07/13/2025,SS RESTAURANTS,Food & Drink,,Sale,-$27.00,
07/09/2025,07/10/2025,DUTCH BROS,Food & Drink,,Sale,-$50.00,
07/09/2025,07/10/2025,SILVER SEVENS HOTEL &amp;,Travel,,Sale,-$16.43,
07/08/2025,07/09/2025,GOOGLE *YouTubePremium,Bills & Utilities,,Sale,-$24.85,
07/08/2025,07/08/2025,GOOGLE *Google One,Bills & Utilities,,Sale,-$21.61,
07/07/2025,07/08/2025,WM SUPERCENTER #2051,Groceries,,Sale,-$14.27,
07/07/2025,07/08/2025,GLOBAL AIR* GLOBALAIRP,Travel,,Sale,-$116.71,
07/06/2025,07/07/2025,SPEAR IT ANIMAL LLC,Entertainment,,Sale,-$101.99,
07/06/2025,07/07/2025,CIRCLE K 01437,Gas,,Sale,-$26.99,
07/05/2025,07/06/2025,Payment Thank You - Web,Payment,,Payment,$500.00,
07/04/2025,07/04/2025,MY CHASE LOAN INTEREST CH,Automotive,,Fee,-$52.59,
07/04/2025,07/06/2025,BEALE STREET THEATER,Entertainment,,Sale,-$16.55,
07/02/2025,07/03/2025,WM SUPERCENTER #2051,Groceries,,Sale,-$11.74,
07/02/2025,07/03/2025,Payment Thank You - Web,Payment,,Payment,$639.09,
06/30/2025,07/01/2025,DUTCH BROS,Food & Drink,,Sale,-$50.00,
06/29/2025,06/30/2025,GRAND CANYON WEST FOOD,Entertainment,,Sale,-$11.26,
06/29/2025,06/30/2025,WM SUPERCENTER #2051,Groceries,,Sale,-$59.34,
06/27/2025,06/29/2025,BUMBLEBERRY FLATS,Food & Drink,,Sale,-$15.77,
06/27/2025,06/29/2025,CIRCLE K 00586,Gas,,Sale,-$22.74,
06/27/2025,06/29/2025,SAFEWAY #2017,Groceries,,Sale,-$28.06,
06/25/2025,06/27/2025,PAYPAL *G2A COM LTD,Entertainment,,Sale,-$51.92,
06/25/2025,06/25/2025,Payment Thank You - Web,Payment,,Payment,$153.44,
06/23/2025,06/25/2025,SAFEWAY #2017,Groceries,,Sale,-$26.36,
06/22/2025,06/23/2025,WASH ME AZ KINGMAN LLC,Automotive,,Sale,-$25.00,
06/22/2025,06/23/2025,DUTCH BROS,Food & Drink,,Sale,-$50.00,
06/22/2025,06/23/2025,WAL-MART #2051,Groceries,,Sale,-$6.92,
06/22/2025,06/23/2025,DOLLAR GENERAL #18114,Shopping,,Sale,-$6.24,
06/21/2025,06/22/2025,LASTPASS.COM,Bills & Utilities,,Sale,-$38.92,
06/21/2025,06/22/2025,Payment Thank You - Web,Payment,,Payment,"$1,203.57",
06/20/2025,06/20/2025,TMOBILE*PREPAID WEB,Bills & Utilities,,Sale,-$16.34,
06/20/2025,06/22/2025,CIRCLE K 06669,Gas,,Sale,-$29.89,
06/20/2025,06/22/2025,SAFEWAY #0216,Groceries,,Sale,-$5.00,
06/18/2025,06/19/2025,DUTCH BROS,Food & Drink,,Sale,-$25.00,
06/14/2025,06/15/2025,LIBERTY MUTUAL,Bills & Utilities,,Return,$166.00,
06/13/2025,06/15/2025,McDonalds 33234,Food & Drink,,Sale,-$10.78,
06/12/2025,06/13/2025,AMERICAN STRATEGIC INS,Bills & Utilities,,Sale,-$155.86,
06/12/2025,06/13/2025,PROGRESSIVE *INSURANCE,Bills & Utilities,,Sale,-$727.00,
06/12/2025,06/12/2025,VISIBLE,Bills & Utilities,,Sale,-$35.00,
06/12/2025,06/13/2025,PLUS 12 MONTH FAMILY,Entertainment,,Sale,-$129.71,
06/12/2025,06/12/2025,Payment Thank You - Web,Payment,,Payment,"$1,128.30",
06/12/2025,06/13/2025,PAYPAL *PRINTFULINC,Shopping,,Sale,-$69.99,
06/11/2025,06/12/2025,DUTCH BROS,Food & Drink,,Sale,-$50.00,
06/11/2025,06/12/2025,STAPLES       00113886,Shopping,,Sale,-$32.42,
06/10/2025,06/12/2025,SAFEWAY #2017,Groceries,,Sale,-$27.13,
06/09/2025,06/10/2025,MARTIN SWANTY KIA,Automotive,,Sale,-$71.01,
06/09/2025,06/10/2025,WALGREENS #12880,Health & Wellness,,Sale,-$6.98,
06/09/2025,06/10/2025,WAL-MART #2051,Shopping,,Sale,-$77.75,
06/08/2025,06/09/2025,FOAM AND FROTH AUTO SP,Automotive,,Sale,-$15.00,
06/08/2025,06/09/2025,GOOGLE *YouTubePremium,Bills & Utilities,,Sale,-$24.85,
06/08/2025,06/08/2025,GOOGLE *Google One,Bills & Utilities,,Sale,-$21.61,
06/08/2025,06/09/2025,WENDY'S 8647,Food & Drink,,Sale,-$5.33,
06/06/2025,06/08/2025,AZ MVD FEE,Automotive,,Sale,-$554.09,
06/06/2025,06/08/2025,SQ *THE CANVAS  ITS FI,Food & Drink,,Sale,-$14.18,
06/05/2025,06/06/2025,STAPLES       00113886,Bills & Utilities,,Sale,-$0.60,
06/05/2025,06/06/2025,DUTCH BROS,Food & Drink,,Sale,-$50.00,
06/05/2025,06/08/2025,WM SUPERCENTER #2051,Shopping,,Return,$307.00,
06/03/2025,06/05/2025,SAFEWAY FUEL2017,Gas,,Sale,-$18.57,
06/03/2025,06/05/2025,SAFEWAY #2017,Groceries,,Sale,-$30.78,
06/02/2025,06/02/2025,TST* PZA PIZZERIA LLC,Food & Drink,,Sale,-$14.15,
06/02/2025,06/02/2025,Payment Thank You - Web,Payment,,Payment,"$1,437.23",
06/01/2025,06/02/2025,XSOLLA *PIKMINBLOOM,Entertainment,,Sale,-$13.80,
05/31/2025,06/01/2025,Nyx*Express Cake LLC,Food & Drink,,Sale,-$9.68,
05/31/2025,06/01/2025,MAVERIK #376,Gas,,Sale,-$29.61,
05/30/2025,06/01/2025,BUMBLEBERRY FLATS,Food & Drink,,Sale,-$15.77,
05/30/2025,06/01/2025,WM SUPERCENTER #2051,Home,,Sale,-$315.64,
05/30/2025,06/02/2025,PAYPAL *PRINTFULINC,Shopping,,Sale,-$62.52,
05/28/2025,05/30/2025,CASEYS #2776,Food & Drink,,Sale,-$3.52,
05/28/2025,05/30/2025,ARBYS 1722,Food & Drink,,Sale,-$34.58,
05/28/2025,05/29/2025,Scooters Coffee,Food & Drink,,Sale,-$7.65,
05/28/2025,05/30/2025,MENARDS CEDAR RAPIDS S,Home,,Sale,-$37.44,
05/28/2025,05/30/2025,ALLEGIANT AIR,Travel,,Sale,-$13.00,
05/28/2025,05/29/2025,CCDOA LAS AIRPORT,Travel,,Sale,-$96.00,
05/27/2025,05/30/2025,KWIK STAR #1107,Food & Drink,,Sale,-$15.00,
05/27/2025,05/29/2025,CASEYS #3561,Food & Drink,,Sale,-$3.52,
05/27/2025,05/28/2025,TST* HUHOT MONGOLIAN G,Food & Drink,,Sale,-$125.00,
05/27/2025,05/28/2025,Scooters Coffee,Food & Drink,,Sale,-$7.65,
05/27/2025,05/27/2025,HOTWIRE-SALES FINAL,Travel,,Sale,-$99.38,
05/26/2025,05/28/2025,CASEYS #3024,Gas,,Sale,-$31.20,
05/24/2025,05/25/2025,WM SUPERCENTER #797,Shopping,,Sale,-$54.01,
05/23/2025,05/25/2025,CASEYS #2776,Food & Drink,,Sale,-$3.52,
05/23/2025,05/25/2025,Scooters Coffee,Food & Drink,,Sale,-$6.58,
05/23/2025,05/25/2025,CASEYS #2776,Gas,,Sale,-$40.53,
05/23/2025,05/25/2025,PHILLIPS 66 - FOUR COR,Gas,,Sale,-$35.71,
05/23/2025,05/25/2025,WM SUPERCENTER #797,Shopping,,Sale,-$177.91,
05/22/2025,05/25/2025,CASEYS #2776,Food & Drink,,Sale,-$3.52,
05/22/2025,05/23/2025,Scooters Coffee,Food & Drink,,Sale,-$6.58,
05/22/2025,05/23/2025,ZIO JOHNOS MARION,Food & Drink,,Sale,-$40.00,
05/22/2025,05/22/2025,Payment Thank You - Web,Payment,,Payment,"$1,831.02",
05/21/2025,05/23/2025,THE HOME DEPOT #0416,Entertainment,,Return,$13.48,
05/21/2025,05/23/2025,GREAT STEAK LAS,Food & Drink,,Sale,-$16.25,
05/20/2025,05/22/2025,ALLEGNT    X5IWWF,Travel,,Sale,-$94.00,
05/19/2025,05/22/2025,PAYPAL *SEALRPVC,Automotive,,Sale,-$36.99,
05/19/2025,05/20/2025,OLD TOWN VAPE,Entertainment,,Sale,-$48.65,
05/19/2025,05/20/2025,SONIC DRIVE IN # 1145,Food & Drink,,Sale,-$16.74,
05/19/2025,05/20/2025,DUTCH BROS,Food & Drink,,Sale,-$50.00,
05/19/2025,05/21/2025,TROPICANA RESORT &amp; CAS,Travel,,Sale,-$142.82,
05/18/2025,05/19/2025,THE D PARKING,Entertainment,,Sale,-$6.00,
05/18/2025,05/19/2025,DEL TACO 811 OLO,Food & Drink,,Sale,-$12.42,
05/18/2025,05/20/2025,SAFEWAY FUEL2017,Gas,,Sale,-$30.67,
05/17/2025,05/18/2025,OLD TOWN VAPE,Entertainment,,Sale,-$55.95,
05/17/2025,05/19/2025,AQUARIUS COFFEE,Food & Drink,,Sale,-$30.00,
05/17/2025,05/18/2025,SONIC DRIVE IN # 4095,Food & Drink,,Sale,-$37.62,
05/17/2025,05/18/2025,MAVERIK #726,Food & Drink,,Sale,-$9.00,
05/17/2025,05/18/2025,Nyx*Express Cake LLC,Food & Drink,,Sale,-$9.68,
05/17/2025,05/18/2025,MAVERIK #726,Gas,,Sale,-$26.50,
05/17/2025,05/18/2025,THE D HOTEL,Travel,,Return,$39.66,
05/16/2025,05/18/2025,BUMBLEBERRY FLATS,Food & Drink,,Sale,-$28.72,
05/16/2025,05/18/2025,IN-N-OUT LV - EASTERN,Food & Drink,,Sale,-$17.18,
05/16/2025,05/18/2025,SQ *BUDDY S BREAKFAST,Food & Drink,,Sale,-$15.40,
05/16/2025,05/18/2025,USA TRAVEL CENTER,Gas,,Sale,-$25.55,
05/16/2025,05/18/2025,76 - LAST STOP TRAVEL,Gas,,Sale,-$40.43,
05/16/2025,05/18/2025,CCDOA LAS AIRPORT,Travel,,Sale,-$4.00,
05/15/2025,05/18/2025,THE HOME DEPOT #0416,Entertainment,,Sale,-$26.92,
05/15/2025,05/16/2025,WENDY'S 8647,Food & Drink,,Sale,-$6.54,
05/15/2025,05/16/2025,DOLLAR GENERAL #23902,Shopping,,Sale,-$44.69,
05/15/2025,05/15/2025,CONSUMER CONTACT COMPA,Shopping,,Sale,-$44.15,
05/14/2025,05/20/2025,Returned Payment,Fees & Adjustments,,Reversal,"-$1,102.58",
05/14/2025,05/15/2025,Payment Thank You - Web,Payment,,Payment,"$1,102.58",
05/12/2025,05/12/2025,VISIBLE,Bills & Utilities,,Sale,-$35.00,
05/12/2025,05/14/2025,SAFEWAY #2017,Groceries,,Sale,-$38.47,
05/10/2025,05/11/2025,USPS KIOSK 0344409550,Automotive,,Sale,-$14.95,
05/10/2025,05/11/2025,DOLLAR GENERAL #23902,Shopping,,Sale,-$23.78,
05/10/2025,05/11/2025,UBER   *TRIP,Travel,,Sale,-$2.00,
05/10/2025,05/11/2025,UBER   *TRIP,Travel,,Sale,-$12.77,
05/09/2025,05/11/2025,STOCKTON HILL TIRE,Automotive,,Sale,-$611.82,
05/09/2025,05/12/2025,MENCHIE`S FROYO MEN853,Food & Drink,,Sale,-$6.64,
05/09/2025,05/11/2025,UBER   *TRIP,Travel,,Sale,-$11.18,
05/09/2025,05/11/2025,UBER   *TRIP,Travel,,Sale,-$2.50,
05/08/2025,05/08/2025,GOOGLE *Google One,Bills & Utilities,,Sale,-$21.61,
05/08/2025,05/09/2025,XSOLLA *PIKMINBLOOM,Entertainment,,Sale,-$21.23,
05/08/2025,05/09/2025,SQ *THE CANVAS  ITS FI,Food & Drink,,Sale,-$26.18,
05/07/2025,05/08/2025,TED WIENS TIRE AND AUT,Automotive,,Sale,-$22.37,
05/07/2025,05/08/2025,MAVERIK #376,Gas,,Sale,-$28.52,
05/06/2025,05/06/2025,My Chase Loan TO 9827,Automotive,,Other,"-$8,000.00",
05/06/2025,05/08/2025,TROPICANA RESORT &amp; CAS,Travel,,Sale,-$66.38,
05/05/2025,05/08/2025,PAYPAL *CLICKBANK,Bills & Utilities,,Sale,-$16.16,
05/03/2025,05/05/2025,USA TRAVEL CENTER,Automotive,,Sale,-$8.66,
05/03/2025,05/04/2025,STEAMGAMES.COM 4259522,Entertainment,,Sale,-$43.22,
05/03/2025,05/05/2025,USA TRAVEL CENTER,Gas,,Sale,-$43.73,
05/02/2025,05/04/2025,ALLEGNT    H6WWQM,Travel,,Sale,-$150.00,
05/01/2025,05/01/2025,Payment Thank You - Web,Payment,,Payment,"$1,013.84",
04/28/2025,04/29/2025,XSOLLA *PIKMINBLOOM,Entertainment,,Sale,-$21.23,
04/28/2025,04/28/2025,FOREIGN TRANSACTION FEE,Fees & Adjustments,,Fee,-$1.92,
04/25/2025,05/06/2025,CREDIT ADJUSTMENT,Fees & Adjustments,,Refund,$1.92,
04/25/2025,04/25/2025,FOREIGN TRANSACTION FEE,Fees & Adjustments,,Fee,-$1.92,
04/24/2025,05/06/2025,OCEAN PARK       32100,Groceries,,Adjustment,$64.20,
04/24/2025,04/28/2025,OCEAN PARK       32100,Groceries,,Sale,-$64.20,
04/24/2025,04/25/2025,OCEAN PARK       32100,Groceries,,Sale,-$64.20,
04/23/2025,04/25/2025,AZ MVD FEE,Bills & Utilities,,Sale,-$129.82,
04/23/2025,04/24/2025,WAL-MART #2051,Groceries,,Sale,-$142.24,
04/23/2025,04/24/2025,STAPLES       00113886,Shopping,,Sale,-$2.77,
04/21/2025,04/22/2025,EPC*EPIC GAMES STORE,Entertainment,,Sale,-$10.80,
04/21/2025,04/21/2025,HOTWIRE-SALES FINAL,Travel,,Sale,-$77.89,
04/20/2025,04/20/2025,PAYYOURSELFBACK CREDIT,Fees & Adjustments,,Adjustment,$128.73,
04/20/2025,04/21/2025,THE D HOTEL,Travel,,Sale,-$39.66,
04/19/2025,04/20/2025,VISIBLE,Bills & Utilities,,Sale,-$32.00,
04/19/2025,04/21/2025,POOLSIDE CAFE,Food & Drink,,Sale,-$11.97,
04/19/2025,04/21/2025,BREW BROTHERS,Food & Drink,,Sale,-$21.50,
04/19/2025,04/21/2025,SP PAIR EYEWEAR,Shopping,,Sale,-$413.49,
04/19/2025,04/24/2025,TROPICANA RESORT &amp; CAS,Travel,,Return,$55.13,
04/19/2025,04/21/2025,TROPICANA RESORT &amp; CAS,Travel,,Sale,-$55.13,
04/18/2025,04/20/2025,BUMBLEBERRY FLATS,Food & Drink,,Sale,-$16.90,
04/18/2025,04/20/2025,MAVERIK #376,Gas,,Sale,-$46.41,
04/18/2025,04/18/2025,Payment Thank You - Web,Payment,,Payment,"$2,199.24",
04/18/2025,04/20/2025,OLD TOWN VAPE,Shopping,,Sale,-$48.65,
04/17/2025,04/18/2025,GEICO  *AUTO,Bills & Utilities,,Sale,-$248.34,
04/17/2025,04/17/2025,LIBERTY MUTUAL,Bills & Utilities,,Sale,-$197.00,
04/17/2025,04/18/2025,ALLEGNT BUYONBOARD,Food & Drink,,Sale,-$13.00,
04/17/2025,04/18/2025,WENDY'S 8647,Food & Drink,,Sale,-$10.78,
04/17/2025,04/18/2025,AIRBNB * HMRW8JRF9E,Travel,,Sale,"-$1,516.86",
04/16/2025,04/18/2025,IN-N-OUT KINGMAN,Food & Drink,,Sale,-$15.38,
04/16/2025,04/17/2025,WENDY'S 8647,Food & Drink,,Sale,-$6.43,
04/16/2025,04/17/2025,DUTCH BROS,Food & Drink,,Sale,-$50.00,
04/16/2025,04/18/2025,SAFEWAY #2017,Groceries,,Sale,-$37.44,
04/16/2025,04/16/2025,Payment Thank You - Web,Payment,,Payment,$753.16,
04/16/2025,04/17/2025,STAPLES       00113886,Shopping,,Sale,-$1.06,
04/15/2025,04/17/2025,PAYPAL *G2A COM LTD,Entertainment,,Sale,-$20.76,
04/15/2025,04/17/2025,IN-N-OUT KINGMAN,Food & Drink,,Sale,-$15.38,
04/15/2025,04/16/2025,WENDY'S 8647,Food & Drink,,Sale,-$4.24,
04/15/2025,04/17/2025,THE HOME DEPOT #0416,Shopping,,Sale,-$12.26,
04/14/2025,04/16/2025,CASEYS #2776,Food & Drink,,Sale,-$3.52,
04/14/2025,04/15/2025,DEL TACO 845 OLO,Food & Drink,,Sale,-$17.52,
04/14/2025,04/16/2025,CASEYS #2776,Gas,,Sale,-$41.79,
04/14/2025,04/15/2025,CCDOA LAS AIRPORT,Travel,,Sale,-$398.00,
04/13/2025,04/14/2025,US TREAS TAX PMT,Bills & Utilities,,Sale,-$45.00,
04/13/2025,04/14/2025,SERVICE FEE,Bills & Utilities,,Sale,-$2.59,
04/13/2025,04/15/2025,CASEYS #2773,Food & Drink,,Sale,-$15.20,
04/13/2025,04/14/2025,Scooters Coffee,Food & Drink,,Sale,-$7.65,
04/12/2025,04/13/2025,VISIBLE,Bills & Utilities,,Sale,-$35.00,
04/12/2025,04/13/2025,XSOLLA *PIKMINBLOOM,Entertainment,,Sale,-$21.23,
04/12/2025,04/13/2025,GOOGLE *Pikmin Bloom,Entertainment,,Sale,-$0.52,
04/12/2025,04/13/2025,MCDONALD'S M2057,Food & Drink,,Sale,-$18.05,
04/12/2025,04/13/2025,FAMOUS FOOTWEAR #2786,Shopping,,Sale,-$149.77,
04/11/2025,04/13/2025,FIELDHOUSE1STAVE,Food & Drink,,Sale,-$23.73,
04/10/2025,04/13/2025,FREDDY'S 50-0003,Food & Drink,,Sale,-$15.38,
04/10/2025,04/13/2025,CASEYS #2773,Food & Drink,,Sale,-$3.52,
04/10/2025,04/11/2025,Scooters Coffee,Food & Drink,,Sale,-$7.65,
04/10/2025,04/10/2025,Payment Thank You - Web,Payment,,Payment,$358.06,
04/10/2025,04/11/2025,PAYPAL *G2A COM LTD,Shopping,,Sale,-$33.11,
04/09/2025,04/11/2025,CASEYS #2773,Food & Drink,,Sale,-$3.52,
04/09/2025,04/10/2025,Scooters Coffee,Food & Drink,,Sale,-$7.65,
04/09/2025,04/10/2025,FREDDY'S 50-0003,Food & Drink,,Sale,-$15.38,
04/09/2025,04/10/2025,ALDI 68062,Groceries,,Sale,-$62.85,
04/09/2025,04/10/2025,HY-VEE CEDAR RAPIDS 10,Groceries,,Sale,-$7.25,
04/09/2025,04/10/2025,WONDERSHARE.COM,Shopping,,Sale,-$85.59,
04/08/2025,04/09/2025,TMOBILE POSTPAID WEB,Bills & Utilities,,Sale,-$5.64,
04/08/2025,04/08/2025,GOOGLE *Google One,Bills & Utilities,,Sale,-$33.96,
04/08/2025,04/09/2025,LEONARDOSRESTAURANTPIZ,Food & Drink,,Sale,-$71.32,
04/08/2025,04/09/2025,Scooters Coffee,Food & Drink,,Sale,-$7.65,
04/08/2025,04/10/2025,CASEYS #2773,Gas,,Sale,-$3.52,
04/08/2025,04/10/2025,CASEYS #2773,Gas,,Sale,-$40.81,
04/07/2025,04/08/2025,FREDDY'S 50-0003,Food & Drink,,Sale,-$10.25,
04/07/2025,04/09/2025,ALLEGNT    W4TNWV,Travel,,Sale,-$119.00,
04/07/2025,04/07/2025,Payment Thank You - Web,Payment,,Payment,$546.50,
04/06/2025,04/08/2025,PINK CLOUD SMOKE SHOP,Entertainment,,Sale,-$40.00,
04/06/2025,04/08/2025,CASEYS #2919,Food & Drink,,Sale,-$3.52,
04/06/2025,04/08/2025,KOHL'S #0217,Shopping,,Return,$59.26,
04/05/2025,04/07/2025,CASEYS #2919,Food & Drink,,Sale,-$3.52,
04/05/2025,04/06/2025,Scooters Coffee,Food & Drink,,Sale,-$7.65,
04/04/2025,04/06/2025,CASEYS #2919,Food & Drink,,Sale,-$3.52,
04/04/2025,04/06/2025,Scooters Coffee,Food & Drink,,Sale,-$7.65,
04/04/2025,04/06/2025,MOON NAILS,Health & Wellness,,Sale,-$117.70,
04/04/2025,04/06/2025,KOHL'S #0217,Shopping,,Sale,-$209.02,
04/03/2025,04/06/2025,CASEYS #2919,Food & Drink,,Sale,-$0.42,
04/03/2025,04/04/2025,Scooters Coffee,Food & Drink,,Sale,-$7.65,
04/03/2025,04/04/2025,ALDI 68064,Groceries,,Sale,-$6.38,
04/02/2025,04/04/2025,CASEYS #2919,Food & Drink,,Sale,-$3.52,
04/02/2025,04/03/2025,Scooters Coffee,Food & Drink,,Sale,-$7.65,
04/02/2025,04/03/2025,OFFICEMAX/DEPOT 6157,Shopping,,Sale,-$20.55,
04/02/2025,04/02/2025,Payment Thank You-Mobile,Payment,,Payment,"$1,000.00",
04/01/2025,04/02/2025,XSOLLA *PIKMINBLOOM,Entertainment,,Sale,-$21.23,
04/01/2025,04/03/2025,CASEYS #2919,Food & Drink,,Sale,-$3.52,
04/01/2025,04/02/2025,Scooters Coffee,Food & Drink,,Sale,-$7.65,
04/01/2025,04/02/2025,WALGREENS #3876,Health & Wellness,,Sale,-$21.39,
04/01/2025,04/02/2025,WALGREENS #3876,Health & Wellness,,Sale,-$13.14,
03/31/2025,04/02/2025,CASEYS #2919,Food & Drink,,Sale,-$3.52,
03/31/2025,04/01/2025,MCDONALD'S M2071,Food & Drink,,Sale,-$16.86,
03/31/2025,04/01/2025,Scooters Coffee,Food & Drink,,Sale,-$7.65,
03/31/2025,04/01/2025,DUNKIN #354737 Q35,Food & Drink,,Sale,-$14.61,
03/30/2025,04/01/2025,CASEYS #3562,Food & Drink,,Sale,-$3.52,
03/30/2025,03/31/2025,Scooters Coffee,Food & Drink,,Sale,-$7.65,
03/29/2025,03/31/2025,CASEYS #2919,Food & Drink,,Sale,-$3.52,
03/29/2025,03/30/2025,Scooters Coffee,Food & Drink,,Sale,-$7.65,
03/29/2025,03/31/2025,KWIK STAR #1172,Gas,,Sale,-$49.27,
03/29/2025,03/30/2025,CVS/PHARMACY #08526,Health & Wellness,,Sale,-$33.67,
03/28/2025,03/30/2025,CASEYS #2919,Food & Drink,,Sale,-$8.86,
03/27/2025,03/28/2025,Audible*YY5HZ2XJ3,Entertainment,,Sale,-$16.00,
03/27/2025,03/30/2025,CASEYS #2919,Food & Drink,,Sale,-$13.35,
03/27/2025,03/28/2025,Scooters Coffee,Food & Drink,,Sale,-$7.65,
03/27/2025,03/28/2025,WALGREENS #3876,Health & Wellness,,Sale,-$50.05,
03/27/2025,03/28/2025,OFFICEMAX/DEPOT 6157,Shopping,,Sale,-$69.00,
03/26/2025,03/28/2025,CASEYS #2760,Food & Drink,,Sale,-$4.92,
03/25/2025,03/28/2025,CASEYS #3562,Food & Drink,,Sale,-$19.25,
03/25/2025,03/26/2025,Scooters Coffee,Food & Drink,,Sale,-$7.65,
03/25/2025,03/26/2025,WM SUPERCENTER #1528,Shopping,,Sale,-$36.36,
03/24/2025,03/26/2025,CASEYS #2919,Food & Drink,,Sale,-$3.52,
03/24/2025,03/25/2025,FIREHOUSE SUBS 1112 QS,Food & Drink,,Sale,-$23.30,
03/24/2025,03/25/2025,Scooters Coffee,Food & Drink,,Sale,-$7.65,
03/23/2025,03/24/2025,MEDIACOM BRO*,Bills & Utilities,,Sale,-$81.39,
03/23/2025,03/24/2025,Scooters Coffee,Food & Drink,,Sale,-$7.65,
03/23/2025,03/24/2025,WALGREENS #3876,Health & Wellness,,Sale,-$5.98,
03/22/2025,03/24/2025,CASEYS #2776,Food & Drink,,Sale,-$3.52,
03/22/2025,03/23/2025,Scooters Coffee,Food & Drink,,Sale,-$7.65,
03/22/2025,03/24/2025,FLOWERAMA #429,Gifts & Donations,,Sale,-$13.90,
03/22/2025,03/24/2025,PINK CLOUD SMOKE SHOP,Shopping,,Sale,-$40.76,
03/21/2025,03/23/2025,CASEYS #3382,Food & Drink,,Sale,-$14.69,
03/21/2025,03/23/2025,Scooters Coffee,Food & Drink,,Sale,-$6.58,
03/21/2025,03/23/2025,TOMASOS PIZZA,Food & Drink,,Sale,-$60.47,
03/21/2025,03/23/2025,HY-VEE CEDAR RAPIDS 10,Health & Wellness,,Sale,-$7.48,
03/20/2025,03/23/2025,CASEYS #2919,Food & Drink,,Sale,-$9.67,
03/20/2025,03/23/2025,CASEYS #2776,Food & Drink,,Sale,-$14.79,
03/20/2025,03/21/2025,Scooters Coffee,Food & Drink,,Sale,-$6.58,
03/20/2025,03/21/2025,HY-VEE CEDAR RAPIDS 10,Health & Wellness,,Sale,-$24.47,
03/20/2025,03/23/2025,ALLEGNT    CY3IGA,Travel,,Sale,-$11.00,
03/19/2025,03/19/2025,VISIBLE,Bills & Utilities,,Sale,-$32.00,
03/19/2025,03/21/2025,CASEYS #2919,Food & Drink,,Sale,-$6.42,
03/19/2025,03/20/2025,Scooters Coffee,Food & Drink,,Sale,-$7.65,
03/18/2025,03/20/2025,CASEYS #2790,Food & Drink,,Sale,-$13.13,
03/18/2025,03/19/2025,Scooters Coffee,Food & Drink,,Sale,-$7.65,
03/18/2025,03/20/2025,CASEYS #2776,Gas,,Sale,-$36.77,
03/17/2025,03/19/2025,CASEYS #2776,Food & Drink,,Sale,-$9.62,
03/17/2025,03/19/2025,PAYPAL *APPLIANCEPA AP,Shopping,,Sale,-$49.96,
03/16/2025,03/18/2025,XSOLLA /PIKMINBLOOM,Entertainment,,Sale,-$21.23,
03/16/2025,03/18/2025,CASEYS #3382,Food & Drink,,Sale,-$17.88,
03/16/2025,03/17/2025,Scooters Coffee,Food & Drink,,Sale,-$7.65,
03/15/2025,03/17/2025,CASEYS #3382,Food & Drink,,Sale,-$22.59,
03/15/2025,03/16/2025,Scooters Coffee,Food & Drink,,Sale,-$7.65,
03/14/2025,03/16/2025,CASEYS #2919,Food & Drink,,Sale,-$8.86,
03/14/2025,03/16/2025,Scooters Coffee,Food & Drink,,Sale,-$7.65,
03/14/2025,03/14/2025,Payment Thank You - Web,Payment,,Payment,$321.99,
03/13/2025,03/14/2025,TST* COUNTRY KITCHEN C,Food & Drink,,Sale,-$40.95,
03/13/2025,03/16/2025,KWIK STAR #106,Gas,,Sale,-$45.22,
03/12/2025,03/12/2025,VISIBLE,Bills & Utilities,,Sale,-$35.00,
03/12/2025,03/13/2025,USA TRAVEL CENTER,Gas,,Sale,-$36.73,
03/11/2025,03/12/2025,WENDY'S 8647,Food & Drink,,Sale,-$6.21,
03/10/2025,03/11/2025,DUTCH BROS,Food & Drink,,Sale,-$25.00,
03/08/2025,03/09/2025,GOOGLE *Google One,Bills & Utilities,,Sale,-$33.96,
03/08/2025,03/09/2025,SQ *THE CANVAS  ITS FI,Food & Drink,,Sale,-$16.36,
03/07/2025,03/09/2025,SMITHS FOOD #4190,Groceries,,Sale,-$36.78,
03/06/2025,03/06/2025,Payment Thank You - Web,Payment,,Payment,$123.13,
03/03/2025,03/04/2025,DUTCH BROS,Food & Drink,,Sale,-$25.00,
03/03/2025,03/04/2025,FLYING J 610,Gas,,Sale,-$46.67,
03/03/2025,03/04/2025,WAL-MART #2051,Groceries,,Sale,-$27.69,
03/01/2025,03/02/2025,WALGREENS #12880,Health & Wellness,,Sale,-$23.77,
02/28/2025,03/02/2025,STOCKTON HILL LOCKSMIT,Shopping,,Sale,-$20.00,
02/28/2025,02/28/2025,Payment Thank You - Web,Payment,,Payment,$267.27,
02/24/2025,02/25/2025,IN-N-OUT KINGMAN,Food & Drink,,Sale,-$9.27,
02/24/2025,02/26/2025,SAFEWAY #2017,Groceries,,Sale,-$53.50,
02/24/2025,02/25/2025,DOLLAR GENERAL #23902,Shopping,,Sale,-$10.65,
02/23/2025,02/24/2025,MEDIACOM BRO*,Bills & Utilities,,Sale,-$81.39,
02/23/2025,02/24/2025,SQ *THE CANVAS  ITS FI,Food & Drink,,Sale,-$14.18,
02/23/2025,02/24/2025,DAIRY QUEEN #15532,Food & Drink,,Sale,-$8.06,
02/21/2025,02/23/2025,BUMBLEBERRY FLATS,Food & Drink,,Sale,-$19.15,
02/21/2025,02/23/2025,MAVERIK #376,Gas,,Sale,-$51.07,
02/21/2025,02/21/2025,Payment Thank You - Web,Payment,,Payment,$843.43,
02/19/2025,02/20/2025,TMOBILE*AUTO PAY,Bills & Utilities,,Sale,-$55.00,
02/19/2025,02/19/2025,VISIBLE,Bills & Utilities,,Sale,-$31.00,
02/18/2025,02/19/2025,DUTCH BROS,Food & Drink,,Sale,-$30.00,
02/18/2025,02/19/2025,WALGREENS #12880,Health & Wellness,,Sale,-$18.37,
02/18/2025,02/19/2025,DOLLAR GENERAL #23902,Shopping,,Sale,-$51.13,
02/17/2025,02/17/2025,Microsoft*Store,Entertainment,,Sale,-$9.62,
02/16/2025,02/17/2025,SMITHS FOOD #4190,Groceries,,Sale,-$46.11,
02/16/2025,02/18/2025,ALLEGNT    RBZE3N,Travel,,Sale,-$624.00,
02/14/2025,02/16/2025,BUMBLEBERRY FLATS,Food & Drink,,Sale,-$19.15,
02/14/2025,02/16/2025,POOLSIDE CAFE,Food & Drink,,Sale,-$6.49,
02/14/2025,02/14/2025,Payment Thank You - Web,Payment,,Payment,$277.82,
02/13/2025,02/14/2025,SQ *THE CANVAS  ITS FI,Food & Drink,,Sale,-$16.36,
02/12/2025,02/12/2025,VISIBLE,Bills & Utilities,,Sale,-$35.00,
02/12/2025,02/13/2025,DUTCH BROS,Food & Drink,,Sale,-$25.00,
02/10/2025,02/12/2025,SAFEWAY #2017,Groceries,,Sale,-$57.67,
02/09/2025,02/11/2025,XSOLLA /PIKMINBLOOM,Entertainment,,Sale,-$21.23,
02/09/2025,02/10/2025,XSOLLA *PIKMINBLOOM,Entertainment,,Sale,-$21.23,
02/09/2025,02/10/2025,MAVERIK #471,Gas,,Sale,-$47.44,
02/08/2025,02/09/2025,GOOGLE *ONE AI Premium,Bills & Utilities,,Return,$13.01,
02/08/2025,02/09/2025,GOOGLE *Google One,Bills & Utilities,,Sale,-$33.96,
02/08/2025,02/10/2025,BUMBLEBERRY FLATS,Food & Drink,,Sale,-$18.02,
02/07/2025,02/09/2025,BUMBLEBERRY FLATS,Food & Drink,,Sale,-$19.15,
02/07/2025,02/09/2025,WALGREENS #12880,Health & Wellness,,Sale,-$18.37,
02/06/2025,02/07/2025,SQ *THE CANVAS  ITS FI,Food & Drink,,Sale,-$16.36,
02/05/2025,02/05/2025,Payment Thank You - Web,Payment,,Payment,$500.00,
02/04/2025,02/04/2025,McDonalds 33234,Food & Drink,,Sale,-$22.88,
02/04/2025,02/05/2025,DOLLAR GENERAL #23902,Shopping,,Sale,-$49.11,
02/04/2025,02/05/2025,WM SUPERCENTER #2051,Shopping,,Sale,-$24.40,
02/03/2025,02/04/2025,NOMA SMOKE AND VAPE,Entertainment,,Sale,-$21.96,
02/03/2025,02/05/2025,IN-N-OUT KINGMAN,Food & Drink,,Sale,-$13.52,
02/02/2025,02/04/2025,XSOLLA /PIKMINBLOOM,Entertainment,,Sale,-$21.23,
02/02/2025,02/03/2025,XSOLLA *PIKMINBLOOM,Entertainment,,Sale,-$21.23,
02/01/2025,02/03/2025,XSOLLA /PIKMINBLOOM,Entertainment,,Sale,-$21.23,
02/01/2025,02/03/2025,BUMBLEBERRY FLATS,Food & Drink,,Sale,-$19.15,
02/01/2025,02/02/2025,IN-N-OUT LAUGHLIN,Food & Drink,,Sale,-$13.33,
01/31/2025,01/31/2025,PAYYOURSELFBACK CREDIT,Fees & Adjustments,,Adjustment,$409.68,
01/31/2025,02/02/2025,SQ *THE CANVAS  ITS FI,Food & Drink,,Sale,-$15.27,
01/31/2025,02/02/2025,DUTCH BROS,Food & Drink,,Sale,-$30.00,
01/29/2025,01/31/2025,SAFEWAY #2017,Groceries,,Sale,-$60.69,
01/27/2025,01/28/2025,H&amp;R BLOCK TAX SOFTWARE,Bills & Utilities,,Sale,-$63.13,
01/27/2025,01/28/2025,GOOGLE *ONE AI Premium,Entertainment,,Sale,-$21.23,
01/27/2025,01/27/2025,Wondershare HK,Entertainment,,Sale,-$5.92,
01/26/2025,01/27/2025,XSOLLA *PIKMINBLOOM,Entertainment,,Sale,-$21.23,
01/26/2025,01/28/2025,SAFEWAY #2017,Groceries,,Sale,-$76.69,
01/25/2025,01/26/2025,GOOGLE *YouTubePremium,Entertainment,,Sale,-$24.42,
01/25/2025,01/26/2025,IN-N-OUT LAUGHLIN,Food & Drink,,Sale,-$14.36,
01/24/2025,01/26/2025,XSOLLA /PIKMINBLOOM,Entertainment,,Sale,-$21.23,
01/24/2025,01/26/2025,SQ *THE CANVAS  ITS FI,Food & Drink,,Sale,-$15.27,
01/24/2025,01/26/2025,POOLSIDE CAFE,Food & Drink,,Sale,-$12.98,
01/23/2025,01/24/2025,MEDIACOM BRO*,Bills & Utilities,,Sale,-$81.39,
01/23/2025,01/24/2025,DUTCH BROS,Food & Drink,,Sale,-$30.00,
01/23/2025,01/26/2025,SAFEWAY #2017,Groceries,,Sale,-$48.91,
01/21/2025,01/23/2025,SAFEWAY #2017,Groceries,,Sale,-$73.13,
01/21/2025,01/21/2025,Payment Thank You - Web,Payment,,Payment,$326.62,
01/20/2025,01/20/2025,PADDLE.NET* INCOGNI,Bills & Utilities,,Sale,-$76.94,
01/20/2025,01/21/2025,XSOLLA *PIKMINBLOOM,Entertainment,,Sale,-$21.23,
01/19/2025,01/20/2025,TMOBILE*AUTO PAY,Bills & Utilities,,Sale,-$55.00,
01/19/2025,01/19/2025,VISIBLE,Bills & Utilities,,Sale,-$31.00,
01/19/2025,01/21/2025,SAFEWAY #2017,Groceries,,Sale,-$30.26,
01/18/2025,01/19/2025,XSOLLA *PIKMINBLOOM,Entertainment,,Sale,-$21.23,
01/18/2025,01/20/2025,Nyx*Express Cake LLC,Food & Drink,,Sale,-$9.68,
01/18/2025,01/20/2025,PASSAGGIO ITALIAN GARD,Food & Drink,,Sale,-$27.08,
01/17/2025,01/19/2025,XSOLLA /PIKMINBLOOM,Entertainment,,Sale,-$21.23,
01/17/2025,01/19/2025,BUMBLEBERRY FLATS,Food & Drink,,Sale,-$21.40,
01/17/2025,01/19/2025,SAFEWAY #2017,Groceries,,Sale,-$38.44,
01/17/2025,01/17/2025,Payment Thank You - Web,Payment,,Payment,$510.10,
01/15/2025,01/16/2025,WENDY'S 8647,Food & Drink,,Sale,-$12.96,
01/15/2025,01/16/2025,MAVERIK #471,Gas,,Sale,-$46.86,
01/15/2025,01/17/2025,SAFEWAY #2017,Groceries,,Sale,-$63.38,
01/15/2025,01/17/2025,WM SUPERCENTER #2051,Shopping,,Return,$19.11,
01/14/2025,01/15/2025,XSOLLA *PIKMINBLOOM,Entertainment,,Sale,-$21.23,
01/14/2025,01/15/2025,SQ *FLOYD &amp; COMPANY WO,Food & Drink,,Sale,-$17.93,
01/14/2025,01/15/2025,IN-N-OUT KINGMAN,Food & Drink,,Sale,-$17.78,
01/14/2025,01/16/2025,SAFEWAY #2017,Groceries,,Sale,-$59.30,
01/14/2025,01/15/2025,WAL-MART #2051,Shopping,,Sale,-$34.31,
01/13/2025,01/14/2025,WENDY'S 8647,Food & Drink,,Sale,-$13.27,
01/12/2025,01/12/2025,VISIBLE,Bills & Utilities,,Sale,-$35.00,
01/12/2025,01/13/2025,XSOLLA *PIKMINBLOOM,Entertainment,,Sale,-$21.23,
01/12/2025,01/13/2025,DUTCH BROS,Food & Drink,,Sale,-$30.00,
01/12/2025,01/13/2025,WENDY'S 8647,Food & Drink,,Sale,-$10.00,
01/11/2025,01/12/2025,XSOLLA *PIKMINBLOOM,Entertainment,,Sale,-$21.23,
01/11/2025,01/12/2025,GOOGLE *Pikmin Bloom,Entertainment,,Sale,-$1.79,
01/11/2025,01/13/2025,Nyx*Express Cake LLC,Food & Drink,,Sale,-$9.68,
01/11/2025,01/12/2025,SQ *THE CANVAS  ITS FI,Food & Drink,,Sale,-$15.27,
01/11/2025,01/13/2025,SAFEWAY #2017,Groceries,,Sale,-$61.09,
01/10/2025,01/12/2025,XSOLLA *PIKMINBLOOM,Entertainment,,Sale,-$21.23,
01/10/2025,01/12/2025,WENDY'S 8647,Food & Drink,,Sale,-$10.00,
01/10/2025,01/10/2025,Payment Thank You - Web,Payment,,Payment,$605.88,
01/09/2025,01/09/2025,GOOGLE *Pikmin Bloom,Entertainment,,Sale,-$2.11,
01/09/2025,01/12/2025,IN-N-OUT KINGMAN,Food & Drink,,Sale,-$14.62,
01/09/2025,01/10/2025,WENDY'S 8647,Food & Drink,,Sale,-$13.27,
01/09/2025,01/12/2025,SAFEWAY #2017,Groceries,,Sale,-$59.91,
01/08/2025,01/09/2025,GOOGLE *Pikmin Bloom,Entertainment,,Sale,-$5.30,
01/08/2025,01/09/2025,GOOGLE *Pikmin Bloom,Entertainment,,Sale,-$3.96,
01/08/2025,01/09/2025,IN-N-OUT KINGMAN,Food & Drink,,Sale,-$18.86,
01/08/2025,01/09/2025,WENDY'S 8647,Food & Drink,,Sale,-$13.27,
01/08/2025,01/09/2025,SQ *THE CANVAS  ITS FI,Food & Drink,,Sale,-$15.27,
01/08/2025,01/10/2025,SAFEWAY #2017,Groceries,,Sale,-$41.74,
01/08/2025,01/10/2025,PAYPAL *SERGEYNIKIT,Shopping,,Sale,-$5.99,
01/08/2025,01/10/2025,ALLEGNT    P9NFST,Travel,,Sale,-$274.56,
01/08/2025,01/08/2025,Payment Thank You - Web,Payment,,Payment,"$1,727.43",
01/07/2025,01/08/2025,XSOLLA *PIKMINBLOOM,Entertainment,,Sale,-$21.23,
01/07/2025,01/08/2025,WENDY'S 8647,Food & Drink,,Sale,-$12.73,
01/07/2025,01/08/2025,CHEVRON 0370676,Gas,,Sale,-$14.16,
01/07/2025,01/08/2025,ALLEGNT BUYONBOARD,Travel,,Sale,-$20.00,
01/06/2025,01/07/2025,DAKOTAPOST,Bills & Utilities,,Sale,-$283.28,
01/06/2025,01/08/2025,VIRGIN VALLEY CAB,Travel,,Sale,-$27.09,
01/06/2025,01/07/2025,CID FLYZONE 6781053,Travel,,Sale,-$18.48,
01/05/2025,01/06/2025,GOOGLE *Pikmin Bloom,Entertainment,,Sale,-$2.11,
01/05/2025,01/06/2025,XSOLLA *PIKMINBLOOM,Entertainment,,Sale,-$21.23,
01/05/2025,01/07/2025,CIRCLE K # 02408,Gas,,Sale,-$8.98,
01/05/2025,01/06/2025,CIRCLE K # 02408,Gas,,Sale,-$41.98,
01/05/2025,01/06/2025,PILOT 043,Gas,,Sale,-$26.98,
01/05/2025,01/06/2025,CIRCLE K # 02408,Gas,,Sale,-$35.13,
01/05/2025,01/06/2025,PILOT 043,Gas,,Sale,-$30.05,
01/04/2025,01/05/2025,IHOP #3350,Food & Drink,,Sale,-$56.00,
01/04/2025,01/06/2025,MEIJER STORE #154,Travel,,Sale,-$77.29,
01/03/2025,01/05/2025,XSOLLA *PIKMINBLOOM,Entertainment,,Sale,-$21.23,
01/03/2025,01/05/2025,BURGER KING #3951  Q07,Food & Drink,,Sale,-$25.44,
01/03/2025,01/05/2025,Scooters Coffee,Food & Drink,,Sale,-$6.47,
01/03/2025,01/05/2025,MARATHON PETRO235804,Gas,,Sale,-$5.86,
01/03/2025,01/05/2025,KUM&amp;GO 0520R CEDAR RA,Gas,,Sale,-$17.92,
01/03/2025,01/05/2025,LOVE'S #0367 OUTSIDE,Gas,,Sale,-$35.37,
01/03/2025,01/05/2025,LOVE'S #0367 OUTSIDE,Gas,,Sale,-$29.61,
01/03/2025,01/05/2025,LOVE'S #0367 INSIDE,Gas,,Sale,-$8.42,
01/02/2025,01/03/2025,GOOGLE *Pikmin Bloom,Entertainment,,Sale,-$0.14,
01/02/2025,01/03/2025,GOOGLE *Pikmin Bloom,Entertainment,,Sale,-$1.89,
01/02/2025,01/03/2025,BURGER KING #3951  Q07,Food & Drink,,Sale,-$13.69,
01/02/2025,01/03/2025,Scooters Coffee,Food & Drink,,Sale,-$6.47,
01/02/2025,01/03/2025,HY-VEE CEDAR RAPIDS 10,Groceries,,Sale,-$6.94,
01/02/2025,01/03/2025,HY-VEE CEDAR RAPIDS 10,Groceries,,Sale,-$3.99,
01/02/2025,01/05/2025,STAYBRIDGE SUITES INDI,Travel,,Sale,-$397.46,
01/01/2025,01/01/2025,GOOGLE *Pikmin Bloom,Entertainment,,Sale,-$0.61,
01/01/2025,01/02/2025,MCDONALD'S M2020,Food & Drink,,Sale,-$15.15,
01/01/2025,01/02/2025,BURGER KING #3951  Q07,Food & Drink,,Sale,-$15.80,
12/31/2024,01/01/2025,BURGER KING #3951  Q07,Food & Drink,,Sale,-$13.89,
12/31/2024,01/01/2025,Scooters Coffee,Food & Drink,,Sale,-$6.47,
12/31/2024,01/02/2025,KUM&amp;GO 0520R CEDAR RA,Gas,,Sale,-$42.57,